"Sample","X.Lane","Barcode","Population","PopulationID","PlatePosition","subPlate","Reads","pass"
"And-2003-Kand0309.013","trimmed_hdgbs_P1_R1.fastq.gz","CCTAG","Andreafsky","Andreafsky","C04","P1",0,"N"
"Che-2007-EC06","trimmed_hdgbs_P4_R1.fastq.gz","CTAGG","Cheakamus","Cheakamus","G02","P4",929,"N"
"Che-2007-EC09","trimmed_hdgbs_P4_R1.fastq.gz","AGCCG","Cheakamus","Cheakamus","B03","P4",218592,"N"
"Cow-2016-EC01","trimmed_hdgbs_P1_R1.fastq.gz","AGCG","Cowichan","Cowichan","A02","P1",138114,"N"
"Cow-2016-EC09","trimmed_hdgbs_P1_R1.fastq.gz","AGTGGA","Cowichan","Cowichan","C06","P1",4609,"N"
"Dea-2006-EC05","trimmed_hdgbs_P2_R1.fastq.gz","ACGACTAG","Dean","Dean","F10","P2",1174,"N"
"Dut-2006-EC04","trimmed_hdgbs_P3_R1.fastq.gz","AGCG","Duteau","Duteau","A02","P3",123719,"N"
"Dut-2006-EC11","trimmed_hdgbs_P3_R1.fastq.gz","CTAGG","Duteau","Duteau","G02","P3",494,"N"
"End-2006-EC04","trimmed_hdgbs_P5_R1.fastq.gz","GAACTTG","Endako","Endako","E08","P5",0,"N"
"Harr-2006-K066","trimmed_hdgbs_P1_R1.fastq.gz","CTAGG","Harrison","Harrison","G02","P1",497,"N"
"Hoo-2005-EC08","trimmed_hdgbs_P3_R1.fastq.gz","ACGACTAG","Hoole","Hoole","F10","P3",0,"N"
"Kao-2010-201","trimmed_hdgbs_P1_R1.fastq.gz","AGCCG","Kaouk","Kaouk","B03","P1",187582,"N"
"Kin-1999-EC01","trimmed_hdgbs_P3_R1.fastq.gz","AGGAT","Kincolith","Kincolith","H03","P3",47498,"N"
"Kin-1999-EC05","trimmed_hdgbs_P3_R1.fastq.gz","CCTAG","Kincolith","Kincolith","C04","P3",0,"N"
"Kitl-2006-EC08","trimmed_hdgbs_P5_R1.fastq.gz","CTAGG","Kitlope","Kitlope","G02","P5",481,"N"
"Klin-2002-EC05","trimmed_hdgbs_P4_R1.fastq.gz","AAAAGTT","Klinaklini","Klinaklini","C08","P4",0,"N"
"Klin-2002-EC07","trimmed_hdgbs_P4_R1.fastq.gz","GAACTTG","Klinaklini","Klinaklini","E08","P4",0,"N"
"Klo-2007-EC05","trimmed_hdgbs_P4_R1.fastq.gz","AGGAT","Klondike","Klondike","H03","P4",43064,"N"
"Klo-2007-EC09","trimmed_hdgbs_P4_R1.fastq.gz","CCTAG","Klondike","Klondike","C04","P4",0,"N"
"Kwi-1996-CH-KW-96-70","trimmed_hdgbs_P5_R1.fastq.gz","ACGACTAG","Kwinageese","Kwinageese","F10","P5",1747,"N"
"May-2009-EC02","trimmed_hdgbs_P1_R1.fastq.gz","ACGACTAG","Mayo","Mayo","F10","P1",1199,"N"
