fish_ID,extraction_plate_ID,site_full,year,sex
Abe-1995-95EK1,LandGen_Chin_2023_001,Abernathy,1995,
Abe-1995-95EK10,LandGen_Chin_2023_002,Abernathy,1995,
Abe-1995-95EK12,LandGen_Chin_2023_002,Abernathy,1995,
Abe-1995-95EK13,LandGen_Chin_2023_002,Abernathy,1995,
Abe-1995-95EK15,LandGen_Chin_2023_002,Abernathy,1995,
Abe-1995-95EK17,LandGen_Chin_2023_002,Abernathy,1995,
Abe-1995-95EK2,LandGen_Chin_2023_001,Abernathy,1995,
Abe-1995-95EK3,LandGen_Chin_2023_001,Abernathy,1995,
Abe-1995-95EK7,LandGen_Chin_2023_001,Abernathy,1995,
Abe-1995-95EK9,LandGen_Chin_2023_002,Abernathy,1995,
Ada-2001-EC01,LandGen_Chin_2023_001,Adams,2001,
Ada-2001-EC02,LandGen_Chin_2023_001,Adams,2001,
Ada-2001-EC03,LandGen_Chin_2023_001,Adams,2001,
Ada-2001-EC04,LandGen_Chin_2023_001,Adams,2001,
Ada-2001-EC05,LandGen_Chin_2023_002,Adams,2001,
Ada-2001-EC06,LandGen_Chin_2023_002,Adams,2001,
Ada-2001-EC07,LandGen_Chin_2023_002,Adams,2001,
Ada-2001-EC08,LandGen_Chin_2023_002,Adams,2001,
Ada-2001-EC09,LandGen_Chin_2023_002,Adams,2001,
Ada-2001-EC10,LandGen_Chin_2023_002,Adams,2001,
Ada-2002-EC01,LandGen_Chin_2023_006,Adams,2002,
Ada-2002-EC02,LandGen_Chin_2023_006,Adams,2002,
Ada-2002-EC03,LandGen_Chin_2023_006,Adams,2002,
Ada-2002-EC04,LandGen_Chin_2023_006,Adams,2002,
Ada-2002-EC05,LandGen_Chin_2023_006,Adams,2002,
Ada-2002-EC06,LandGen_Chin_2023_006,Adams,2002,
Ada-2002-EC07,LandGen_Chin_2023_006,Adams,2002,
Ada-2002-EC08,LandGen_Chin_2023_006,Adams,2002,
And-2003-Kand0309.001,LandGen_Chin_2023_001,Andreafsky,2003,
And-2003-Kand0309.004,LandGen_Chin_2023_001,Andreafsky,2003,
And-2003-Kand0309.007,LandGen_Chin_2023_001,Andreafsky,2003,
And-2003-Kand0309.008,LandGen_Chin_2023_001,Andreafsky,2003,
And-2003-Kand0309.010,LandGen_Chin_2023_002,Andreafsky,2003,
And-2003-Kand0309.012,LandGen_Chin_2023_002,Andreafsky,2003,
And-2003-Kand0309.013,LandGen_Chin_2023_002,Andreafsky,2003,
And-2003-Kand0309.016,LandGen_Chin_2023_002,Andreafsky,2003,
And-2003-Kand0309.018,LandGen_Chin_2023_002,Andreafsky,2003,
And-2003-Kand0309.019,LandGen_Chin_2023_002,Andreafsky,2003,
BedB-2019-49401,LandGen_Chin_2023_012,Bedwell Brood,2019,Female
BedB-2019-49402,LandGen_Chin_2023_012,Bedwell Brood,2019,Male
BedB-2019-49403,LandGen_Chin_2023_012,Bedwell Brood,2019,Male
BedB-2019-49406,LandGen_Chin_2023_012,Bedwell Brood,2019,Male
BedB-2019-49407,LandGen_Chin_2023_012,Bedwell Brood,2019,Male
BedB-2019-49415,LandGen_Chin_2023_012,Bedwell Brood,2019,Male
BedB-2019-49416,LandGen_Chin_2023_012,Bedwell Brood,2019,Male
BedB-2019-49417,LandGen_Chin_2023_012,Bedwell Brood,2019,Male
BedB-2019-49424,LandGen_Chin_2023_012,Bedwell Brood,2019,Female
BedB-2019-49441,LandGen_Chin_2023_012,Bedwell Brood,2019,Male
BigB-2021-219241,LandGen_Chin_2023_012,Big Qualicum Brood,2021,Male
BigB-2021-219242,LandGen_Chin_2023_012,Big Qualicum Brood,2021,Male
BigB-2021-219243,LandGen_Chin_2023_012,Big Qualicum Brood,2021,Male
BigB-2021-219244,LandGen_Chin_2023_012,Big Qualicum Brood,2021,Male
BigB-2021-219245,LandGen_Chin_2023_012,Big Qualicum Brood,2021,Male
BigB-2021-219246,LandGen_Chin_2023_012,Big Qualicum Brood,2021,Male
BigB-2021-219247,LandGen_Chin_2023_012,Big Qualicum Brood,2021,Male
BigB-2021-219248,LandGen_Chin_2023_012,Big Qualicum Brood,2021,Male
BigB-2021-219249,LandGen_Chin_2023_012,Big Qualicum Brood,2021,Male
BigB-2021-219250,LandGen_Chin_2023_012,Big Qualicum Brood,2021,Male
BigQ-1997-BQ66,LandGen_Chin_2023_006,Big Qualicum,1997,
BigQ-1997-BQ67,LandGen_Chin_2023_006,Big Qualicum,1997,
BigQ-1997-BQ68,LandGen_Chin_2023_006,Big Qualicum,1997,
BigQ-1997-BQ69,LandGen_Chin_2023_006,Big Qualicum,1997,
BigQ-1997-BQ70,LandGen_Chin_2023_006,Big Qualicum,1997,
BigQ-1997-BQ71,LandGen_Chin_2023_006,Big Qualicum,1997,
BigQ-1997-BQ72,LandGen_Chin_2023_006,Big Qualicum,1997,
BigQ-1997-BQ73,LandGen_Chin_2023_006,Big Qualicum,1997,
BigQ-1997-BQ74,LandGen_Chin_2023_006,Big Qualicum,1997,
BigQ-1997-BQ75,LandGen_Chin_2023_006,Big Qualicum,1997,
BigQ-1997-EC01,LandGen_Chin_2023_008,Big Qualicum,1997,
BigQ-1997-EC02,LandGen_Chin_2023_008,Big Qualicum,1997,
BigQ-1997-EC03,LandGen_Chin_2023_008,Big Qualicum,1997,
BigQ-1997-EC04,LandGen_Chin_2023_008,Big Qualicum,1997,
BigQ-1997-EC05,LandGen_Chin_2023_008,Big Qualicum,1997,
BigQ-1997-EC06,LandGen_Chin_2023_008,Big Qualicum,1997,
BigQ-1997-EC07,LandGen_Chin_2023_008,Big Qualicum,1997,
BigQ-1997-EC08,LandGen_Chin_2023_008,Big Qualicum,1997,
BigS-2016-0047,LandGen_Chin_2023_005,Big Salmon,2016,
BigS-2016-0048,LandGen_Chin_2023_005,Big Salmon,2016,
BigS-2016-0049,LandGen_Chin_2023_005,Big Salmon,2016,
BigS-2016-0050,LandGen_Chin_2023_005,Big Salmon,2016,
BigS-2016-0051,LandGen_Chin_2023_005,Big Salmon,2016,
BigS-2016-0052,LandGen_Chin_2023_005,Big Salmon,2016,
BigS-2016-0053,LandGen_Chin_2023_005,Big Salmon,2016,
BigS-2016-0054,LandGen_Chin_2023_005,Big Salmon,2016,
BigS-2016-0055,LandGen_Chin_2023_005,Big Salmon,2016,
BigS-2016-0056,LandGen_Chin_2023_005,Big Salmon,2016,
Bir-2005-EC01,LandGen_Chin_2023_001,Birkenhead,2005,
Bir-2005-EC02,LandGen_Chin_2023_001,Birkenhead,2005,
Bir-2005-EC03,LandGen_Chin_2023_001,Birkenhead,2005,
Bir-2005-EC04,LandGen_Chin_2023_001,Birkenhead,2005,
Bir-2005-EC05,LandGen_Chin_2023_002,Birkenhead,2005,
Bir-2005-EC06,LandGen_Chin_2023_002,Birkenhead,2005,
Bir-2005-EC07,LandGen_Chin_2023_002,Birkenhead,2005,
Bir-2005-EC08,LandGen_Chin_2023_002,Birkenhead,2005,
Bir-2005-EC09,LandGen_Chin_2023_002,Birkenhead,2005,
Bir-2005-EC10,LandGen_Chin_2023_002,Birkenhead,2005,
Bir-2005-EC11,LandGen_Chin_2023_002,Birkenhead,2005,
Bir-2005-EC12,LandGen_Chin_2023_002,Birkenhead,2005,
Bli-2008-EC01,LandGen_Chin_2023_011,Blind,2008,
Bli-2008-EC02,LandGen_Chin_2023_011,Blind,2008,
Bli-2008-EC03,LandGen_Chin_2023_011,Blind,2008,
Bli-2008-EC04,LandGen_Chin_2023_011,Blind,2008,
Bli-2008-EC05,LandGen_Chin_2023_011,Blind,2008,
Bli-2008-EC06,LandGen_Chin_2023_011,Blind,2008,
Bli-2008-EC07,LandGen_Chin_2023_011,Blind,2008,
Bli-2008-EC08,LandGen_Chin_2023_011,Blind,2008,
Bli-2008-EC09,LandGen_Chin_2023_011,Blind,2008,
Bli-2008-EC10,LandGen_Chin_2023_011,Blind,2008,
Blu-2001-EC01,LandGen_Chin_2023_005,Blue,2001,
Blu-2001-EC02,LandGen_Chin_2023_005,Blue,2001,
Blu-2001-EC03,LandGen_Chin_2023_005,Blue,2001,
Blu-2001-EC04,LandGen_Chin_2023_005,Blue,2001,
Blu-2004-EC01,LandGen_Chin_2023_008,Blue,2004,
Blu-2004-EC02,LandGen_Chin_2023_008,Blue,2004,
Blu-2004-EC03,LandGen_Chin_2023_008,Blue,2004,
Blu-2004-EC04,LandGen_Chin_2023_008,Blue,2004,
Blu-2009-EC01,LandGen_Chin_2023_008,Blue,2009,
Blu-2009-EC02,LandGen_Chin_2023_008,Blue,2009,
Blu-2009-EC03,LandGen_Chin_2023_008,Blue,2009,
Blu-2009-EC04,LandGen_Chin_2023_008,Blue,2009,
Blu-2009-EC05,LandGen_Chin_2023_008,Blue,2009,
Blu-2010-EC01,LandGen_Chin_2023_005,Blue,2010,
Blu-2010-EC03,LandGen_Chin_2023_005,Blue,2010,
Blu-2010-EC04,LandGen_Chin_2023_005,Blue,2010,
Blu-2011-EC01,LandGen_Chin_2023_008,Blue,2011,
BulB-2020-110201,LandGen_Chin_2023_012,Bulkley Brood,2020,Male
BulB-2020-110202,LandGen_Chin_2023_012,Bulkley Brood,2020,Male
BulB-2020-110203,LandGen_Chin_2023_012,Bulkley Brood,2020,Male
BulB-2020-110204,LandGen_Chin_2023_012,Bulkley Brood,2020,Male
BulB-2020-110205,LandGen_Chin_2023_012,Bulkley Brood,2020,Male
BulB-2020-110303,LandGen_Chin_2023_012,Bulkley Brood,2020,Female
BulB-2020-110304,LandGen_Chin_2023_012,Bulkley Brood,2020,Female
BulB-2020-110305,LandGen_Chin_2023_012,Bulkley Brood,2020,Female
BulB-2020-110306,LandGen_Chin_2023_012,Bulkley Brood,2020,Female
Car-2001-UC-15A,LandGen_Chin_2023_010,Cariboo,2001,
Car-2001-UC-15B,LandGen_Chin_2023_010,Cariboo,2001,
Car-2001-UC-15C,LandGen_Chin_2023_010,Cariboo,2001,
Car-2001-UC-15D,LandGen_Chin_2023_010,Cariboo,2001,
Car-2001-UC-16A,LandGen_Chin_2023_010,Cariboo,2001,
Car-2001-UC-16A2,LandGen_Chin_2023_010,Cariboo,2001,
Car-2001-UC-16B,LandGen_Chin_2023_010,Cariboo,2001,
Car-2001-UC-16C,LandGen_Chin_2023_010,Cariboo,2001,
Car-2001-UC-16D,LandGen_Chin_2023_010,Cariboo,2001,
Car-2001-UC-2,LandGen_Chin_2023_009,Cariboo,2001,
Car-2001-UC-3,LandGen_Chin_2023_009,Cariboo,2001,
Car-2001-UC-7,LandGen_Chin_2023_009,Cariboo,2001,
Ced-1996-28,LandGen_Chin_2023_005,Cedar,1996,
Ced-1996-29,LandGen_Chin_2023_005,Cedar,1996,
Ced-1996-30,LandGen_Chin_2023_005,Cedar,1996,
Ced-1996-31,LandGen_Chin_2023_005,Cedar,1996,
Ced-1996-32,LandGen_Chin_2023_005,Cedar,1996,
Ced-1996-49,LandGen_Chin_2023_005,Cedar,1996,
Ced-1996-50,LandGen_Chin_2023_005,Cedar,1996,
Ced-1996-51,LandGen_Chin_2023_005,Cedar,1996,
Ced-1996-52,LandGen_Chin_2023_005,Cedar,1996,
Ced-1996-53,LandGen_Chin_2023_005,Cedar,1996,
Cha-1998-2A-10,LandGen_Chin_2023_002,Chandindu,1998,
Cha-1998-2A-6,LandGen_Chin_2023_002,Chandindu,1998,
Cha-1998-2A-9,LandGen_Chin_2023_002,Chandindu,1998,
Cha-1998-2B-1,LandGen_Chin_2023_002,Chandindu,1998,
Cha-1998-2B-10,LandGen_Chin_2023_002,Chandindu,1998,
Cha-1998-2B-2,LandGen_Chin_2023_002,Chandindu,1998,
Cha-1998-2B-6,LandGen_Chin_2023_001,Chandindu,1998,
Cha-1998-2B-7,LandGen_Chin_2023_001,Chandindu,1998,
Cha-1998-2B-8,LandGen_Chin_2023_001,Chandindu,1998,
Cha-1998-2B-9,LandGen_Chin_2023_001,Chandindu,1998,
Cha-2004-EC01,LandGen_Chin_2023_001,Chandindu,2004,
Cha-2004-EC02,LandGen_Chin_2023_001,Chandindu,2004,
Cha-2004-EC03,LandGen_Chin_2023_001,Chandindu,2004,
Cha-2004-EC04,LandGen_Chin_2023_001,Chandindu,2004,
Che-2007-EC01,LandGen_Chin_2023_010,Cheakamus,2007,
Che-2007-EC02,LandGen_Chin_2023_010,Cheakamus,2007,
Che-2007-EC03,LandGen_Chin_2023_010,Cheakamus,2007,
Che-2007-EC04,LandGen_Chin_2023_010,Cheakamus,2007,
Che-2007-EC05,LandGen_Chin_2023_010,Cheakamus,2007,
Che-2007-EC06,LandGen_Chin_2023_010,Cheakamus,2007,
Che-2007-EC07,LandGen_Chin_2023_010,Cheakamus,2007,
Che-2007-EC08,LandGen_Chin_2023_010,Cheakamus,2007,
Che-2007-EC09,LandGen_Chin_2023_010,Cheakamus,2007,
Che-2007-EC10,LandGen_Chin_2023_010,Cheakamus,2007,
ColB-2021-252201,LandGen_Chin_2023_012,Coldwater Brood,2021,Male
ColB-2021-252202,LandGen_Chin_2023_012,Coldwater Brood,2021,Male
ColB-2021-252203,LandGen_Chin_2023_012,Coldwater Brood,2021,Male
ColB-2021-252204,LandGen_Chin_2023_012,Coldwater Brood,2021,Male
ColB-2021-252205,LandGen_Chin_2023_012,Coldwater Brood,2021,Male
ColB-2021-252301,LandGen_Chin_2023_012,Coldwater Brood,2021,Female
ColB-2021-252302,LandGen_Chin_2023_012,Coldwater Brood,2021,Female
ColB-2021-252303,LandGen_Chin_2023_012,Coldwater Brood,2021,Female
ColB-2021-252304,LandGen_Chin_2023_012,Coldwater Brood,2021,Female
Cold-1997-21,LandGen_Chin_2023_009,Coldwater,1997,
Cold-1997-22,LandGen_Chin_2023_009,Coldwater,1997,
Cold-1997-23,LandGen_Chin_2023_009,Coldwater,1997,
Cold-1997-24,LandGen_Chin_2023_009,Coldwater,1997,
Cold-1997-25,LandGen_Chin_2023_009,Coldwater,1997,
Cold-1997-26,LandGen_Chin_2023_009,Coldwater,1997,
Cold-1997-27,LandGen_Chin_2023_009,Coldwater,1997,
Cold-1997-28,LandGen_Chin_2023_009,Coldwater,1997,
Cold-1997-29,LandGen_Chin_2023_009,Coldwater,1997,
Cold-1997-30,LandGen_Chin_2023_009,Coldwater,1997,
Cow-2016-EC01,LandGen_Chin_2023_001,Cowichan,2016,
Cow-2016-EC02,LandGen_Chin_2023_001,Cowichan,2016,
Cow-2016-EC03,LandGen_Chin_2023_001,Cowichan,2016,
Cow-2016-EC04,LandGen_Chin_2023_001,Cowichan,2016,
Cow-2016-EC05,LandGen_Chin_2023_002,Cowichan,2016,
Cow-2016-EC06,LandGen_Chin_2023_002,Cowichan,2016,
Cow-2016-EC07,LandGen_Chin_2023_002,Cowichan,2016,
Cow-2016-EC08,LandGen_Chin_2023_002,Cowichan,2016,
Cow-2016-EC09,LandGen_Chin_2023_002,Cowichan,2016,
Cow-2016-EC10,LandGen_Chin_2023_002,Cowichan,2016,
CypB-2019-37202,LandGen_Chin_2023_012,Cypre Brood,2019,Female
CypB-2019-37203,LandGen_Chin_2023_012,Cypre Brood,2019,Female
CypB-2019-37204,LandGen_Chin_2023_012,Cypre Brood,2019,Male
CypB-2019-37206,LandGen_Chin_2023_012,Cypre Brood,2019,Female
CypB-2019-37209,LandGen_Chin_2023_012,Cypre Brood,2019,Female
CypB-2020-37701,LandGen_Chin_2023_012,Cypre Brood,2020,
CypB-2020-37702,LandGen_Chin_2023_012,Cypre Brood,2020,
CypB-2020-37703,LandGen_Chin_2023_012,Cypre Brood,2020,
CypB-2020-37704,LandGen_Chin_2023_012,Cypre Brood,2020,
CypB-2021-37205,LandGen_Chin_2023_012,Cypre Brood,2021,Female
Cypr-2004-1,LandGen_Chin_2023_001,Cypre,2004,
Cypr-2004-2,LandGen_Chin_2023_001,Cypre,2004,
Cypr-2004-3,LandGen_Chin_2023_001,Cypre,2004,
Cypr-2004-4,LandGen_Chin_2023_001,Cypre,2004,
Cypr-2004-5,LandGen_Chin_2023_001,Cypre,2004,
Cypr-2004-6,LandGen_Chin_2023_001,Cypre,2004,
Cypr-2004-7,LandGen_Chin_2023_001,Cypre,2004,
Cypr-2014-8061,LandGen_Chin_2023_007,Cypre,2014,
Cypr-2014-8062,LandGen_Chin_2023_007,Cypre,2014,
Cypr-2014-8065,LandGen_Chin_2023_007,Cypre,2014,
Cypr-2014-8067,LandGen_Chin_2023_007,Cypre,2014,
Cypr-2014-8068,LandGen_Chin_2023_007,Cypre,2014,
Cypr-2014-8069,LandGen_Chin_2023_007,Cypre,2014,
Cypr-2014-8070,LandGen_Chin_2023_007,Cypre,2014,
Cypr-2014-8071,LandGen_Chin_2023_007,Cypre,2014,
Cypr-2014-8072,LandGen_Chin_2023_007,Cypre,2014,
Cypr-2014-8076,LandGen_Chin_2023_007,Cypre,2014,
Cypr-2014-8080,LandGen_Chin_2023_007,Cypre,2014,
Dea-2006-EC01,LandGen_Chin_2023_005,Dean,2006,
Dea-2006-EC02,LandGen_Chin_2023_005,Dean,2006,
Dea-2006-EC03,LandGen_Chin_2023_005,Dean,2006,
Dea-2006-EC04,LandGen_Chin_2023_005,Dean,2006,
Dea-2006-EC05,LandGen_Chin_2023_005,Dean,2006,
Dea-2006-EC06,LandGen_Chin_2023_005,Dean,2006,
Dea-2006-EC07,LandGen_Chin_2023_005,Dean,2006,
Dea-2006-EC08,LandGen_Chin_2023_005,Dean,2006,
Dea-2006-EC09,LandGen_Chin_2023_005,Dean,2006,
Dea-2006-EC10,LandGen_Chin_2023_005,Dean,2006,
Dev-1997-72,LandGen_Chin_2023_009,Devereux,1997,
Dev-1997-73,LandGen_Chin_2023_009,Devereux,1997,
Dev-1997-74,LandGen_Chin_2023_009,Devereux,1997,
Dev-1997-75,LandGen_Chin_2023_009,Devereux,1997,
Dev-1997-76,LandGen_Chin_2023_009,Devereux,1997,
Dev-1997-77,LandGen_Chin_2023_009,Devereux,1997,
Dev-1997-78,LandGen_Chin_2023_009,Devereux,1997,
Dev-1997-79,LandGen_Chin_2023_009,Devereux,1997,
Dev-1997-80,LandGen_Chin_2023_009,Devereux,1997,
Dev-1997-81,LandGen_Chin_2023_009,Devereux,1997,
Dev-2000-EC01,LandGen_Chin_2023_006,Devereux,2000,
Dev-2000-EC02,LandGen_Chin_2023_006,Devereux,2000,
Dev-2000-EC03,LandGen_Chin_2023_006,Devereux,2000,
Dev-2000-EC05,LandGen_Chin_2023_006,Devereux,2000,
Dev-2000-EC06,LandGen_Chin_2023_006,Devereux,2000,
Dev-2000-EC07,LandGen_Chin_2023_006,Devereux,2000,
Dev-2000-EC08,LandGen_Chin_2023_006,Devereux,2000,
Dud-2006-EC01,LandGen_Chin_2023_005,Dudidontu,2006,
Dud-2006-EC02,LandGen_Chin_2023_005,Dudidontu,2006,
Dud-2006-EC03,LandGen_Chin_2023_005,Dudidontu,2006,
Dud-2006-EC04,LandGen_Chin_2023_005,Dudidontu,2006,
Dud-2006-EC05,LandGen_Chin_2023_005,Dudidontu,2006,
Dud-2006-EC06,LandGen_Chin_2023_005,Dudidontu,2006,
Dud-2006-EC07,LandGen_Chin_2023_005,Dudidontu,2006,
Dud-2006-EC08,LandGen_Chin_2023_005,Dudidontu,2006,
Dut-1999-EC01,LandGen_Chin_2023_001,Duteau,1999,
Dut-1999-EC02,LandGen_Chin_2023_001,Duteau,1999,
Dut-1999-EC03,LandGen_Chin_2023_001,Duteau,1999,
Dut-2002-EC01,LandGen_Chin_2023_001,Duteau,2002,
Dut-2002-EC02,LandGen_Chin_2023_001,Duteau,2002,
Dut-2002-EC03,LandGen_Chin_2023_001,Duteau,2002,
Dut-2002-EC04,LandGen_Chin_2023_001,Duteau,2002,
Dut-2002-EC05,LandGen_Chin_2023_001,Duteau,2002,
Dut-2003-EC01,LandGen_Chin_2023_001,Duteau,2003,
Dut-2003-EC02,LandGen_Chin_2023_001,Duteau,2003,
Dut-2003-EC03,LandGen_Chin_2023_001,Duteau,2003,
Dut-2006-EC01,LandGen_Chin_2023_006,Duteau,2006,
Dut-2006-EC02,LandGen_Chin_2023_006,Duteau,2006,
Dut-2006-EC03,LandGen_Chin_2023_006,Duteau,2006,
Dut-2006-EC04,LandGen_Chin_2023_006,Duteau,2006,
Dut-2006-EC05,LandGen_Chin_2023_006,Duteau,2006,
Dut-2006-EC06,LandGen_Chin_2023_006,Duteau,2006,
Dut-2006-EC07,LandGen_Chin_2023_006,Duteau,2006,
Dut-2006-EC08,LandGen_Chin_2023_006,Duteau,2006,
Dut-2006-EC09,LandGen_Chin_2023_006,Duteau,2006,
Dut-2006-EC10,LandGen_Chin_2023_006,Duteau,2006,
Dut-2006-EC11,LandGen_Chin_2023_006,Duteau,2006,
Dut-2008-1,LandGen_Chin_2023_006,Duteau,2008,
Dut-2010-EC01,LandGen_Chin_2023_001,Duteau,2010,
Dut-2010-EC02,LandGen_Chin_2023_001,Duteau,2010,
Dut-2010-EC03,LandGen_Chin_2023_001,Duteau,2010,
Dut-2010-EC04,LandGen_Chin_2023_001,Duteau,2010,
Ecs-2003-EC01,LandGen_Chin_2023_003,Ecstall,2003,
Ecs-2003-EC02,LandGen_Chin_2023_003,Ecstall,2003,
Ecs-2003-EC03,LandGen_Chin_2023_003,Ecstall,2003,
Ecs-2003-EC04,LandGen_Chin_2023_003,Ecstall,2003,
Ecs-2003-EC05,LandGen_Chin_2023_003,Ecstall,2003,
Ecs-2003-EC06,LandGen_Chin_2023_003,Ecstall,2003,
Ecs-2003-EC07,LandGen_Chin_2023_003,Ecstall,2003,
Ecs-2003-EC08,LandGen_Chin_2023_003,Ecstall,2003,
End-2006-EC01,LandGen_Chin_2023_001,Endako,2006,
End-2006-EC02,LandGen_Chin_2023_001,Endako,2006,
End-2006-EC03,LandGen_Chin_2023_001,Endako,2006,
End-2006-EC04,LandGen_Chin_2023_001,Endako,2006,
End-2006-EC05,LandGen_Chin_2023_002,Endako,2006,
End-2006-EC06,LandGen_Chin_2023_002,Endako,2006,
End-2006-EC07,LandGen_Chin_2023_002,Endako,2006,
End-2006-EC08,LandGen_Chin_2023_002,Endako,2006,
End-2006-EC09,LandGen_Chin_2023_002,Endako,2006,
End-2006-EC10,LandGen_Chin_2023_002,Endako,2006,
End-2006-EC11,LandGen_Chin_2023_002,Endako,2006,
End-2006-EC12,LandGen_Chin_2023_002,Endako,2006,
End-2006-EC13,LandGen_Chin_2023_006,Endako,2006,
End-2006-EC14,LandGen_Chin_2023_006,Endako,2006,
End-2006-EC15,LandGen_Chin_2023_006,Endako,2006,
End-2006-EC16,LandGen_Chin_2023_006,Endako,2006,
End-2006-EC17,LandGen_Chin_2023_006,Endako,2006,
End-2006-EC18,LandGen_Chin_2023_006,Endako,2006,
End-2006-EC19,LandGen_Chin_2023_006,Endako,2006,
End-2006-EC20,LandGen_Chin_2023_006,Endako,2006,
HarB-2020-75401,LandGen_Chin_2023_012,Harrison Brood,2020,Male
HarB-2020-75402,LandGen_Chin_2023_012,Harrison Brood,2020,Male
Harr-2006-K020,LandGen_Chin_2023_009,Harrison,2006,
Harr-2006-K021,LandGen_Chin_2023_009,Harrison,2006,
Harr-2006-K022,LandGen_Chin_2023_009,Harrison,2006,
Harr-2006-K023,LandGen_Chin_2023_009,Harrison,2006,
Harr-2006-K029,LandGen_Chin_2023_009,Harrison,2006,
Harr-2006-K030,LandGen_Chin_2023_009,Harrison,2006,
Harr-2006-K044,LandGen_Chin_2023_002,Harrison,2006,
Harr-2006-K045,LandGen_Chin_2023_002,Harrison,2006,
Harr-2006-K047,LandGen_Chin_2023_001,Harrison,2006,
Harr-2006-K052,LandGen_Chin_2023_002,Harrison,2006,
Harr-2006-K053,LandGen_Chin_2023_002,Harrison,2006,
Harr-2006-K054,LandGen_Chin_2023_002,Harrison,2006,
Harr-2006-K055,LandGen_Chin_2023_002,Harrison,2006,
Harr-2006-K057,LandGen_Chin_2023_001,Harrison,2006,
Harr-2006-K059,LandGen_Chin_2023_001,Harrison,2006,
Harr-2006-K066,LandGen_Chin_2023_001,Harrison,2006,
Holl-2003-EC01,LandGen_Chin_2023_010,Holliday,2003,
Holl-2003-EC02,LandGen_Chin_2023_010,Holliday,2003,
Holl-2004-EC01,LandGen_Chin_2023_010,Holliday,2004,
Holl-2004-EC02,LandGen_Chin_2023_010,Holliday,2004,
Holl-2004-EC03,LandGen_Chin_2023_010,Holliday,2004,
Holl-2004-EC04,LandGen_Chin_2023_010,Holliday,2004,
Holl-2004-EC05,LandGen_Chin_2023_010,Holliday,2004,
Holm-2000-EC01,LandGen_Chin_2023_011,Holmes,2000,
Holm-2000-EC02,LandGen_Chin_2023_011,Holmes,2000,
Holm-2000-EC03,LandGen_Chin_2023_011,Holmes,2000,
Holm-2000-EC04,LandGen_Chin_2023_011,Holmes,2000,
Holm-2000-EC05,LandGen_Chin_2023_011,Holmes,2000,
Holm-2000-EC06,LandGen_Chin_2023_011,Holmes,2000,
Holm-2000-EC07,LandGen_Chin_2023_011,Holmes,2000,
Holm-2000-EC08,LandGen_Chin_2023_011,Holmes,2000,
Holm-2000-EC09,LandGen_Chin_2023_011,Holmes,2000,
Holm-2000-EC10,LandGen_Chin_2023_011,Holmes,2000,
Holm-2002-EC01,LandGen_Chin_2023_010,Holmes,2002,
Holm-2002-EC02,LandGen_Chin_2023_010,Holmes,2002,
Holm-2002-EC03,LandGen_Chin_2023_010,Holmes,2002,
Holm-2002-EC04,LandGen_Chin_2023_010,Holmes,2002,
Holm-2002-EC05,LandGen_Chin_2023_010,Holmes,2002,
Holm-2002-EC06,LandGen_Chin_2023_010,Holmes,2002,
Holm-2002-EC07,LandGen_Chin_2023_010,Holmes,2002,
Holm-2002-EC08,LandGen_Chin_2023_010,Holmes,2002,
Holm-2002-EC09,LandGen_Chin_2023_010,Holmes,2002,
Holm-2002-EC10,LandGen_Chin_2023_010,Holmes,2002,
Hoo-2005-EC01,LandGen_Chin_2023_002,Hoole,2005,
Hoo-2005-EC02,LandGen_Chin_2023_002,Hoole,2005,
Hoo-2005-EC03,LandGen_Chin_2023_002,Hoole,2005,
Hoo-2005-EC04,LandGen_Chin_2023_002,Hoole,2005,
Hoo-2005-EC05,LandGen_Chin_2023_002,Hoole,2005,
Hoo-2005-EC06,LandGen_Chin_2023_009,Hoole,2005,
Hoo-2005-EC07,LandGen_Chin_2023_009,Hoole,2005,
Hoo-2005-EC08,LandGen_Chin_2023_009,Hoole,2005,
Hoo-2005-EC09,LandGen_Chin_2023_009,Hoole,2005,
Hoo-2005-EC10,LandGen_Chin_2023_009,Hoole,2005,
Hoo-2005-EC11,LandGen_Chin_2023_009,Hoole,2005,
Imn-1999-351,LandGen_Chin_2023_003,Imnaha,1999,
Imn-1999-352,LandGen_Chin_2023_003,Imnaha,1999,
Imn-1999-353,LandGen_Chin_2023_003,Imnaha,1999,
Imn-1999-354,LandGen_Chin_2023_003,Imnaha,1999,
Imn-1999-355,LandGen_Chin_2023_003,Imnaha,1999,
Imn-1999-356,LandGen_Chin_2023_003,Imnaha,1999,
Imn-1999-357,LandGen_Chin_2023_003,Imnaha,1999,
Imn-1999-359,LandGen_Chin_2023_003,Imnaha,1999,
Imn-1999-360,LandGen_Chin_2023_003,Imnaha,1999,
Kao-2010-201,LandGen_Chin_2023_001,Kaouk,2010,
Kao-2010-202,LandGen_Chin_2023_001,Kaouk,2010,
Kao-2010-203,LandGen_Chin_2023_001,Kaouk,2010,
Kao-2010-204,LandGen_Chin_2023_001,Kaouk,2010,
Kao-2010-205,LandGen_Chin_2023_002,Kaouk,2010,
Kao-2010-206,LandGen_Chin_2023_002,Kaouk,2010,
Kao-2010-207,LandGen_Chin_2023_002,Kaouk,2010,
Kao-2010-208,LandGen_Chin_2023_002,Kaouk,2010,
Kao-2010-209,LandGen_Chin_2023_002,Kaouk,2010,
Kao-2010-210,LandGen_Chin_2023_002,Kaouk,2010,
Kil-2000-K1,LandGen_Chin_2023_002,Kilbella,2000,
Kil-2000-K11,LandGen_Chin_2023_006,Kilbella,2000,
Kil-2000-K12,LandGen_Chin_2023_002,Kilbella,2000,
Kil-2000-K14,LandGen_Chin_2023_002,Kilbella,2000,
Kil-2000-K18,LandGen_Chin_2023_002,Kilbella,2000,
Kil-2000-K24,LandGen_Chin_2023_002,Kilbella,2000,
Kil-2000-K28,LandGen_Chin_2023_002,Kilbella,2000,
Kil-2000-K3,LandGen_Chin_2023_002,Kilbella,2000,
Kil-2000-K30,LandGen_Chin_2023_002,Kilbella,2000,
Kil-2000-K31,LandGen_Chin_2023_006,Kilbella,2000,
Kil-2000-K4,LandGen_Chin_2023_002,Kilbella,2000,
Kil-2000-K43,LandGen_Chin_2023_006,Kilbella,2000,
Kil-2000-K44,LandGen_Chin_2023_006,Kilbella,2000,
Kil-2000-K5,LandGen_Chin_2023_002,Kilbella,2000,
Kilb-2005-EC01,LandGen_Chin_2023_001,Kilbella,2005,
Kilb-2005-EC02,LandGen_Chin_2023_001,Kilbella,2005,
Kilb-2005-EC03,LandGen_Chin_2023_001,Kilbella,2005,
Kilb-2005-EC04,LandGen_Chin_2023_001,Kilbella,2005,
Kild-1997-77,LandGen_Chin_2023_009,Kildala,1997,
Kild-1997-78,LandGen_Chin_2023_009,Kildala,1997,
Kild-1997-79,LandGen_Chin_2023_009,Kildala,1997,
Kild-1997-80,LandGen_Chin_2023_009,Kildala,1997,
Kild-1997-81,LandGen_Chin_2023_009,Kildala,1997,
Kild-1997-82,LandGen_Chin_2023_009,Kildala,1997,
Kild-1997-83,LandGen_Chin_2023_009,Kildala,1997,
Kild-1997-87,LandGen_Chin_2023_009,Kildala,1997,
Kild-1997-88,LandGen_Chin_2023_009,Kildala,1997,
Kild-1997-97,LandGen_Chin_2023_009,Kildala,1997,
Kild-2000-EC01,LandGen_Chin_2023_011,Kildala,2000,
Kild-2000-EC02,LandGen_Chin_2023_011,Kildala,2000,
Kild-2000-EC03,LandGen_Chin_2023_011,Kildala,2000,
Kild-2000-EC04,LandGen_Chin_2023_011,Kildala,2000,
Kild-2000-EC05,LandGen_Chin_2023_011,Kildala,2000,
Kild-2000-EC06,LandGen_Chin_2023_011,Kildala,2000,
Kild-2000-EC07,LandGen_Chin_2023_011,Kildala,2000,
Kild-2000-EC08,LandGen_Chin_2023_011,Kildala,2000,
Kin-1999-EC01,LandGen_Chin_2023_006,Kincolith,1999,
Kin-1999-EC02,LandGen_Chin_2023_006,Kincolith,1999,
Kin-1999-EC03,LandGen_Chin_2023_006,Kincolith,1999,
Kin-1999-EC04,LandGen_Chin_2023_006,Kincolith,1999,
Kin-1999-EC05,LandGen_Chin_2023_006,Kincolith,1999,
Kin-1999-EC06,LandGen_Chin_2023_006,Kincolith,1999,
Kin-1999-EC07,LandGen_Chin_2023_006,Kincolith,1999,
Kin-1999-EC08,LandGen_Chin_2023_006,Kincolith,1999,
Kin-1999-EC09,LandGen_Chin_2023_006,Kincolith,1999,
Kin-1999-EC10,LandGen_Chin_2023_006,Kincolith,1999,
Kite-2006-1,LandGen_Chin_2023_009,Kiteen,2006,
Kite-2006-10,LandGen_Chin_2023_009,Kiteen,2006,
Kite-2006-2,LandGen_Chin_2023_009,Kiteen,2006,
Kite-2006-3,LandGen_Chin_2023_009,Kiteen,2006,
Kite-2006-4,LandGen_Chin_2023_009,Kiteen,2006,
Kite-2006-5,LandGen_Chin_2023_009,Kiteen,2006,
Kite-2006-6,LandGen_Chin_2023_009,Kiteen,2006,
Kite-2006-7,LandGen_Chin_2023_009,Kiteen,2006,
Kite-2006-8,LandGen_Chin_2023_009,Kiteen,2006,
Kite-2006-9,LandGen_Chin_2023_009,Kiteen,2006,
Kitl-2006-EC01,LandGen_Chin_2023_001,Kitlope,2006,
Kitl-2006-EC02,LandGen_Chin_2023_001,Kitlope,2006,
Kitl-2006-EC03,LandGen_Chin_2023_001,Kitlope,2006,
Kitl-2006-EC04,LandGen_Chin_2023_001,Kitlope,2006,
Kitl-2006-EC05,LandGen_Chin_2023_002,Kitlope,2006,
Kitl-2006-EC06,LandGen_Chin_2023_002,Kitlope,2006,
Kitl-2006-EC07,LandGen_Chin_2023_002,Kitlope,2006,
Kitl-2006-EC08,LandGen_Chin_2023_002,Kitlope,2006,
Kitl-2006-EC09,LandGen_Chin_2023_002,Kitlope,2006,
Kitl-2006-EC10,LandGen_Chin_2023_002,Kitlope,2006,
Kits-1995-13,LandGen_Chin_2023_011,Kitsumkalum,1995,
Kits-1995-17,LandGen_Chin_2023_011,Kitsumkalum,1995,
Kits-1995-18,LandGen_Chin_2023_011,Kitsumkalum,1995,
Kits-1995-2,LandGen_Chin_2023_011,Kitsumkalum,1995,
Kits-1995-24,LandGen_Chin_2023_011,Kitsumkalum,1995,
Kits-1995-3,LandGen_Chin_2023_011,Kitsumkalum,1995,
Kits-1995-4,LandGen_Chin_2023_011,Kitsumkalum,1995,
Kits-1995-9,LandGen_Chin_2023_011,Kitsumkalum,1995,
Kits-1995-EC01,LandGen_Chin_2023_011,Kitsumkalum,1995,
Kits-1995-EC02,LandGen_Chin_2023_011,Kitsumkalum,1995,
Kitw-2002-EC01,LandGen_Chin_2023_007,Kitwanga,2002,
Kitw-2002-EC02,LandGen_Chin_2023_007,Kitwanga,2002,
Kitw-2002-EC03,LandGen_Chin_2023_007,Kitwanga,2002,
Kitw-2002-EC04,LandGen_Chin_2023_007,Kitwanga,2002,
Kitw-2002-EC05,LandGen_Chin_2023_007,Kitwanga,2002,
Kitw-2002-EC06,LandGen_Chin_2023_007,Kitwanga,2002,
Kitw-2002-EC07,LandGen_Chin_2023_007,Kitwanga,2002,
Kitw-2002-EC08,LandGen_Chin_2023_007,Kitwanga,2002,
Kitw-2002-EC09,LandGen_Chin_2023_007,Kitwanga,2002,
Kitw-2002-EC10,LandGen_Chin_2023_007,Kitwanga,2002,
Klin-1997-1,LandGen_Chin_2023_009,Klinaklini,1997,
Klin-1997-14,LandGen_Chin_2023_009,Klinaklini,1997,
Klin-1997-15,LandGen_Chin_2023_009,Klinaklini,1997,
Klin-1997-16,LandGen_Chin_2023_009,Klinaklini,1997,
Klin-1997-19,LandGen_Chin_2023_009,Klinaklini,1997,
Klin-1997-2,LandGen_Chin_2023_009,Klinaklini,1997,
Klin-1997-21,LandGen_Chin_2023_009,Klinaklini,1997,
Klin-1997-5,LandGen_Chin_2023_009,Klinaklini,1997,
Klin-1997-7,LandGen_Chin_2023_009,Klinaklini,1997,
Klin-1997-8,LandGen_Chin_2023_009,Klinaklini,1997,
Klin-2002-EC01,LandGen_Chin_2023_011,Klinaklini,2002,
Klin-2002-EC02,LandGen_Chin_2023_011,Klinaklini,2002,
Klin-2002-EC03,LandGen_Chin_2023_011,Klinaklini,2002,
Klin-2002-EC04,LandGen_Chin_2023_011,Klinaklini,2002,
Klin-2002-EC05,LandGen_Chin_2023_011,Klinaklini,2002,
Klin-2002-EC06,LandGen_Chin_2023_011,Klinaklini,2002,
Klin-2002-EC07,LandGen_Chin_2023_011,Klinaklini,2002,
Klin-2002-EC08,LandGen_Chin_2023_011,Klinaklini,2002,
Klo-2007-EC01,LandGen_Chin_2023_010,Klondike,2007,
Klo-2007-EC02,LandGen_Chin_2023_010,Klondike,2007,
Klo-2007-EC03,LandGen_Chin_2023_010,Klondike,2007,
Klo-2007-EC04,LandGen_Chin_2023_010,Klondike,2007,
Klo-2007-EC05,LandGen_Chin_2023_010,Klondike,2007,
Klo-2007-EC06,LandGen_Chin_2023_010,Klondike,2007,
Klo-2007-EC07,LandGen_Chin_2023_010,Klondike,2007,
Klo-2007-EC08,LandGen_Chin_2023_010,Klondike,2007,
Klo-2007-EC09,LandGen_Chin_2023_010,Klondike,2007,
Klo-2007-EC10,LandGen_Chin_2023_010,Klondike,2007,
Klu-2008-EC01,LandGen_Chin_2023_010,Kluayaz,2008,
Klu-2008-EC02,LandGen_Chin_2023_010,Kluayaz,2008,
Klu-2008-EC03,LandGen_Chin_2023_010,Kluayaz,2008,
Klu-2008-EC04,LandGen_Chin_2023_010,Kluayaz,2008,
Klu-2008-EC05,LandGen_Chin_2023_010,Kluayaz,2008,
Klu-2008-EC06,LandGen_Chin_2023_010,Kluayaz,2008,
Klu-2008-EC07,LandGen_Chin_2023_010,Kluayaz,2008,
Klu-2008-EC08,LandGen_Chin_2023_010,Kluayaz,2008,
Klu-2008-EC09,LandGen_Chin_2023_010,Kluayaz,2008,
Kwi-1996-CH-KW-96-12,LandGen_Chin_2023_012,Kwinageese,1996,
Kwi-1996-CH-KW-96-16,LandGen_Chin_2023_012,Kwinageese,1996,
Kwi-1996-CH-KW-96-18,LandGen_Chin_2023_009,Kwinageese,1996,
Kwi-1996-CH-KW-96-25,LandGen_Chin_2023_012,Kwinageese,1996,
Kwi-1996-CH-KW-96-31,LandGen_Chin_2023_012,Kwinageese,1996,
Kwi-1996-CH-KW-96-32,LandGen_Chin_2023_012,Kwinageese,1996,
Kwi-1996-CH-KW-96-38,LandGen_Chin_2023_012,Kwinageese,1996,
Kwi-1996-CH-KW-96-39,LandGen_Chin_2023_001,Kwinageese,1996,
Kwi-1996-CH-KW-96-44,LandGen_Chin_2023_001,Kwinageese,1996,
Kwi-1996-CH-KW-96-49,LandGen_Chin_2023_009,Kwinageese,1996,
Kwi-1996-CH-KW-96-6,LandGen_Chin_2023_001,Kwinageese,1996,
Kwi-1996-CH-KW-96-64,LandGen_Chin_2023_009,Kwinageese,1996,
Kwi-1996-CH-KW-96-65,LandGen_Chin_2023_009,Kwinageese,1996,
Kwi-1996-CH-KW-96-67,LandGen_Chin_2023_009,Kwinageese,1996,
Kwi-1996-CH-KW-96-70,LandGen_Chin_2023_012,Kwinageese,1996,
Kwi-1996-CH-KW-96-72,LandGen_Chin_2023_009,Kwinageese,1996,
Kwi-1996-CH-KW-96-75,LandGen_Chin_2023_012,Kwinageese,1996,
Mam-1996-Mq1,LandGen_Chin_2023_006,Mamquam,1996,
Mam-1996-Mq10,LandGen_Chin_2023_002,Mamquam,1996,
Mam-1996-Mq11,LandGen_Chin_2023_001,Mamquam,1996,
Mam-1996-Mq12,LandGen_Chin_2023_002,Mamquam,1996,
Mam-1996-Mq13,LandGen_Chin_2023_002,Mamquam,1996,
Mam-1996-Mq14,LandGen_Chin_2023_001,Mamquam,1996,
Mam-1996-Mq15,LandGen_Chin_2023_002,Mamquam,1996,
Mam-1996-Mq16,LandGen_Chin_2023_006,Mamquam,1996,
Mam-1996-Mq17,LandGen_Chin_2023_002,Mamquam,1996,
Mam-1996-Mq18,LandGen_Chin_2023_006,Mamquam,1996,
Mam-1996-Mq19,LandGen_Chin_2023_002,Mamquam,1996,
Mam-1996-Mq2,LandGen_Chin_2023_006,Mamquam,1996,
Mam-1996-Mq20,LandGen_Chin_2023_006,Mamquam,1996,
Mam-1996-Mq3,LandGen_Chin_2023_002,Mamquam,1996,
Mam-1996-Mq5,LandGen_Chin_2023_006,Mamquam,1996,
Mam-1996-Mq6,LandGen_Chin_2023_002,Mamquam,1996,
Mam-1996-Mq7,LandGen_Chin_2023_001,Mamquam,1996,
Mam-1996-Mq8,LandGen_Chin_2023_001,Mamquam,1996,
Mam-1996-Mq9,LandGen_Chin_2023_002,Mamquam,1996,
Mam-2005-EC01,LandGen_Chin_2023_001,Mamquam,2005,
Mam-2005-EC02,LandGen_Chin_2023_001,Mamquam,2005,
Mar-2015-0561,LandGen_Chin_2023_008,Marble,2015,
Mar-2015-0562,LandGen_Chin_2023_008,Marble,2015,
Mar-2015-0563,LandGen_Chin_2023_008,Marble,2015,
Mar-2015-0564,LandGen_Chin_2023_008,Marble,2015,
Mar-2015-0565,LandGen_Chin_2023_008,Marble,2015,
Mar-2015-0566,LandGen_Chin_2023_008,Marble,2015,
Mar-2015-0567,LandGen_Chin_2023_008,Marble,2015,
Mar-2015-0568,LandGen_Chin_2023_008,Marble,2015,
Mar-2015-0569,LandGen_Chin_2023_008,Marble,2015,
Mar-2015-0570,LandGen_Chin_2023_008,Marble,2015,
Mar-2019-197-32,LandGen_Chin_2023_005,Marble,2019,
Mar-2019-197-33,LandGen_Chin_2023_005,Marble,2019,
Mar-2019-197-34,LandGen_Chin_2023_005,Marble,2019,
Mar-2019-197-35,LandGen_Chin_2023_005,Marble,2019,
Mar-2019-197-36,LandGen_Chin_2023_005,Marble,2019,
Mar-2019-197-37,LandGen_Chin_2023_005,Marble,2019,
Mar-2019-197-72,LandGen_Chin_2023_005,Marble,2019,
Mar-2019-197-73,LandGen_Chin_2023_005,Marble,2019,
Mar-2019-197-74,LandGen_Chin_2023_005,Marble,2019,
Mar-2019-197-75,LandGen_Chin_2023_005,Marble,2019,
May-2009-EC01,LandGen_Chin_2023_003,Mayo,2009,
May-2009-EC02,LandGen_Chin_2023_003,Mayo,2009,
May-2009-EC03,LandGen_Chin_2023_003,Mayo,2009,
May-2009-EC04,LandGen_Chin_2023_003,Mayo,2009,
May-2009-EC05,LandGen_Chin_2023_003,Mayo,2009,
May-2009-EC06,LandGen_Chin_2023_003,Mayo,2009,
May-2009-EC07,LandGen_Chin_2023_003,Mayo,2009,
May-2009-EC08,LandGen_Chin_2023_003,Mayo,2009,
May-2009-EC09,LandGen_Chin_2023_003,Mayo,2009,
May-2009-EC10,LandGen_Chin_2023_003,Mayo,2009,
May-2009-EC11,LandGen_Chin_2023_003,Mayo,2009,
Meg-2003-EC01,LandGen_Chin_2023_011,Megin,2003,
Meg-2003-EC02,LandGen_Chin_2023_011,Megin,2003,
Meg-2003-EC03,LandGen_Chin_2023_011,Megin,2003,
Meg-2003-EC04,LandGen_Chin_2023_011,Megin,2003,
Meg-2003-EC05,LandGen_Chin_2023_011,Megin,2003,
Meg-2003-EC06,LandGen_Chin_2023_011,Megin,2003,
Meg-2003-EC07,LandGen_Chin_2023_011,Megin,2003,
Meg-2003-EC08,LandGen_Chin_2023_011,Megin,2003,
Meg-2003-EC09,LandGen_Chin_2023_011,Megin,2003,
Meg-2003-EC10,LandGen_Chin_2023_011,Megin,2003,
Meg-2003-EC11,LandGen_Chin_2023_011,Megin,2003,
Meg-2003-EC12,LandGen_Chin_2023_011,Megin,2003,
Meg-2003-EC13,LandGen_Chin_2023_011,Megin,2003,
Meg-2003-EC14,LandGen_Chin_2023_011,Megin,2003,
Meg-2006-1,LandGen_Chin_2023_011,Megin,2006,
Meg-2006-2,LandGen_Chin_2023_011,Megin,2006,
Meg-2006-3,LandGen_Chin_2023_011,Megin,2006,
Meg-2006-4,LandGen_Chin_2023_011,Megin,2006,
Meg-2006-5,LandGen_Chin_2023_011,Megin,2006,
Meg-2006-6,LandGen_Chin_2023_011,Megin,2006,
Mor-2009-EC01,LandGen_Chin_2023_010,Morley,2009,
Mor-2009-EC02,LandGen_Chin_2023_010,Morley,2009,
Mor-2009-EC03,LandGen_Chin_2023_010,Morley,2009,
Mor-2009-EC04,LandGen_Chin_2023_010,Morley,2009,
Mor-2009-EC05,LandGen_Chin_2023_010,Morley,2009,
Mor-2009-EC06,LandGen_Chin_2023_010,Morley,2009,
Mor-2009-EC07,LandGen_Chin_2023_010,Morley,2009,
Mor-2009-EC08,LandGen_Chin_2023_010,Morley,2009,
Mor-2009-EC09,LandGen_Chin_2023_010,Morley,2009,
Mor-2009-EC10,LandGen_Chin_2023_011,Morley,2009,
Mor-2009-EC11,LandGen_Chin_2023_011,Morley,2009,
Mor-2009-EC12,LandGen_Chin_2023_011,Morley,2009,
Mor-2009-EC13,LandGen_Chin_2023_011,Morley,2009,
Moy-2010-4501,LandGen_Chin_2023_010,Moyeha,2010,Female
Moy-2010-4509,LandGen_Chin_2023_010,Moyeha,2010,Male
Moy-2010-4520,LandGen_Chin_2023_010,Moyeha,2010,Male
Moy-2010-4524,LandGen_Chin_2023_010,Moyeha,2010,Female
Moy-2010-6515,LandGen_Chin_2023_010,Moyeha,2010,Female
Moy-2010-6589,LandGen_Chin_2023_010,Moyeha,2010,Male
Moy-2010-6595,LandGen_Chin_2023_010,Moyeha,2010,Male
Moy-2010-6596,LandGen_Chin_2023_010,Moyeha,2010,Female
Moy-2010-6598,LandGen_Chin_2023_010,Moyeha,2010,Male
Moy-2010-6599,LandGen_Chin_2023_010,Moyeha,2010,Male
Nah-2010-EC01,LandGen_Chin_2023_006,Nahatlatch,2010,
Nah-2010-EC02,LandGen_Chin_2023_006,Nahatlatch,2010,
Nah-2010-EC03,LandGen_Chin_2023_006,Nahatlatch,2010,
Nah-2010-EC04,LandGen_Chin_2023_006,Nahatlatch,2010,
Nah-2010-EC05,LandGen_Chin_2023_006,Nahatlatch,2010,
Nah-2010-EC06,LandGen_Chin_2023_006,Nahatlatch,2010,
Nah-2010-EC07,LandGen_Chin_2023_006,Nahatlatch,2010,
Nah-2010-EC08,LandGen_Chin_2023_006,Nahatlatch,2010,
Nah-2010-EC09,LandGen_Chin_2023_006,Nahatlatch,2010,
Nah-2010-EC10,LandGen_Chin_2023_006,Nahatlatch,2010,
NicB-2020-88402,LandGen_Chin_2023_012,Nicomekl Brood,2020,Male
NicB-2020-88403,LandGen_Chin_2023_012,Nicomekl Brood,2020,Male
NicB-2020-88404,LandGen_Chin_2023_012,Nicomekl Brood,2020,Male
NicB-2020-88405,LandGen_Chin_2023_012,Nicomekl Brood,2020,Male
NicB-2020-88406,LandGen_Chin_2023_012,Nicomekl Brood,2020,Male
NicB-2020-88501,LandGen_Chin_2023_012,Nicomekl Brood,2020,Female
NicB-2020-88502,LandGen_Chin_2023_012,Nicomekl Brood,2020,Female
NicB-2020-88503,LandGen_Chin_2023_012,Nicomekl Brood,2020,Female
NicB-2020-88504,LandGen_Chin_2023_012,Nicomekl Brood,2020,Female
NicB-2020-88505,LandGen_Chin_2023_012,Nicomekl Brood,2020,Female
Nim-2010-1401,LandGen_Chin_2023_001,Nimpkish,2010,Male
Nim-2010-1401,LandGen_Chin_2023_009,Nimpkish,2010,Male
Nim-2010-1402,LandGen_Chin_2023_001,Nimpkish,2010,Female
Nim-2010-1403,LandGen_Chin_2023_001,Nimpkish,2010,Female
Nim-2010-1404,LandGen_Chin_2023_009,Nimpkish,2010,Male
Nim-2010-1405,LandGen_Chin_2023_002,Nimpkish,2010,Male
Nim-2010-1406,LandGen_Chin_2023_002,Nimpkish,2010,Male
Nim-2010-1408,LandGen_Chin_2023_002,Nimpkish,2010,Female
Nim-2010-1409,LandGen_Chin_2023_002,Nimpkish,2010,Female
Nim-2010-1410,LandGen_Chin_2023_002,Nimpkish,2010,Female
Nim-2010-1411,LandGen_Chin_2023_009,Nimpkish,2010,Female
Nim-2010-1412,LandGen_Chin_2023_009,Nimpkish,2010,Female
Nim-2010-1413,LandGen_Chin_2023_009,Nimpkish,2010,Male
Nim-2010-1441,LandGen_Chin_2023_012,Nimpkish,2010,Male
Nim-2010-1442,LandGen_Chin_2023_012,Nimpkish,2010,Female
Nim-2010-1443,LandGen_Chin_2023_012,Nimpkish,2010,Female
Nis-2016-0558,LandGen_Chin_2023_005,Nisutlin,2016,
Nis-2016-0559,LandGen_Chin_2023_005,Nisutlin,2016,
Nis-2016-0560,LandGen_Chin_2023_005,Nisutlin,2016,
Nis-2016-0561,LandGen_Chin_2023_005,Nisutlin,2016,
Nis-2016-0562,LandGen_Chin_2023_005,Nisutlin,2016,
Nis-2016-0563,LandGen_Chin_2023_005,Nisutlin,2016,
Nis-2016-0564,LandGen_Chin_2023_005,Nisutlin,2016,
Nis-2016-0601,LandGen_Chin_2023_005,Nisutlin,2016,
Nis-2016-0602,LandGen_Chin_2023_005,Nisutlin,2016,
Nor-2006-EC01,LandGen_Chin_2023_005,Nordenskiold,2006,
Nor-2006-EC02,LandGen_Chin_2023_005,Nordenskiold,2006,
Nor-2006-EC03,LandGen_Chin_2023_005,Nordenskiold,2006,
Nor-2006-EC04,LandGen_Chin_2023_005,Nordenskiold,2006,
Nor-2006-EC05,LandGen_Chin_2023_005,Nordenskiold,2006,
Nor-2006-EC06,LandGen_Chin_2023_005,Nordenskiold,2006,
Nor-2006-EC07,LandGen_Chin_2023_005,Nordenskiold,2006,
Nor-2006-EC08,LandGen_Chin_2023_005,Nordenskiold,2006,
Nor-2006-EC09,LandGen_Chin_2023_005,Nordenskiold,2006,
Nor-2006-EC10,LandGen_Chin_2023_005,Nordenskiold,2006,
Nus-2006-EC01,LandGen_Chin_2023_008,Nusatsum,2006,
Nus-2006-EC02,LandGen_Chin_2023_008,Nusatsum,2006,
Nus-2006-EC03,LandGen_Chin_2023_008,Nusatsum,2006,
Nus-2006-EC04,LandGen_Chin_2023_008,Nusatsum,2006,
Nus-2018-54301,LandGen_Chin_2023_001,Nusatsum,2018,Male
Nus-2018-54302,LandGen_Chin_2023_001,Nusatsum,2018,Male
Nus-2018-54303,LandGen_Chin_2023_001,Nusatsum,2018,Male
Nus-2018-54304,LandGen_Chin_2023_001,Nusatsum,2018,Male
Nus-2018-54305,LandGen_Chin_2023_001,Nusatsum,2018,Male
Nus-2018-54306,LandGen_Chin_2023_001,Nusatsum,2018,Male
Nus-2018-54311,LandGen_Chin_2023_008,Nusatsum,2018,Male
Nus-2018-54312,LandGen_Chin_2023_008,Nusatsum,2018,Male
Nus-2018-54313,LandGen_Chin_2023_008,Nusatsum,2018,Male
Nus-2018-54314,LandGen_Chin_2023_008,Nusatsum,2018,Male
Nus-2018-54401,LandGen_Chin_2023_008,Nusatsum,2018,Female
Nus-2018-54402,LandGen_Chin_2023_008,Nusatsum,2018,Female
Nus-2018-54403,LandGen_Chin_2023_008,Nusatsum,2018,Female
Nus-2018-54404,LandGen_Chin_2023_008,Nusatsum,2018,Female
Nus-2018-54405,LandGen_Chin_2023_008,Nusatsum,2018,Female
Nus-2018-54407,LandGen_Chin_2023_008,Nusatsum,2018,Female
Nus-2018-54408,LandGen_Chin_2023_008,Nusatsum,2018,Female
Nus-2018-54409,LandGen_Chin_2023_008,Nusatsum,2018,Female
Oka-2007-13620,LandGen_Chin_2023_001,Okanagan,2007,
Oka-2007-13621,LandGen_Chin_2023_001,Okanagan,2007,
Oka-2007-13622,LandGen_Chin_2023_001,Okanagan,2007,
Oka-2007-13623,LandGen_Chin_2023_001,Okanagan,2007,
Oka-2007-13624,LandGen_Chin_2023_008,Okanagan,2007,
Oka-2007-13626,LandGen_Chin_2023_008,Okanagan,2007,
Oka-2007-13630,LandGen_Chin_2023_008,Okanagan,2007,
Oka-2007-13631,LandGen_Chin_2023_008,Okanagan,2007,
Oka-2007-13632,LandGen_Chin_2023_008,Okanagan,2007,
Oka-2007-13634,LandGen_Chin_2023_008,Okanagan,2007,
Oka-2007-13636,LandGen_Chin_2023_012,Okanagan,2007,
Oka-2007-13637,LandGen_Chin_2023_012,Okanagan,2007,
Oka-2007-13638,LandGen_Chin_2023_012,Okanagan,2007,
Phi-2010-601,LandGen_Chin_2023_003,Phillips,2010,
Phi-2010-602,LandGen_Chin_2023_003,Phillips,2010,
Phi-2010-603,LandGen_Chin_2023_003,Phillips,2010,
Phi-2010-604,LandGen_Chin_2023_003,Phillips,2010,
Phi-2010-605,LandGen_Chin_2023_003,Phillips,2010,
Phi-2010-606,LandGen_Chin_2023_003,Phillips,2010,
Phi-2010-607,LandGen_Chin_2023_003,Phillips,2010,
Phi-2010-608,LandGen_Chin_2023_003,Phillips,2010,
Phi-2010-609,LandGen_Chin_2023_003,Phillips,2010,
Phi-2010-610,LandGen_Chin_2023_003,Phillips,2010,
Pit-2003-EC01,LandGen_Chin_2023_008,Upper Pitt,2003,
Pit-2003-EC02,LandGen_Chin_2023_008,Upper Pitt,2003,
Pit-2003-H1,LandGen_Chin_2023_008,Upper Pitt,2003,
Pit-2003-H2,LandGen_Chin_2023_008,Upper Pitt,2003,
Pit-2003-H3,LandGen_Chin_2023_008,Upper Pitt,2003,
Pit-2003-H4,LandGen_Chin_2023_008,Upper Pitt,2003,
Pit-2003-H5,LandGen_Chin_2023_008,Upper Pitt,2003,
Pit-2003-H6,LandGen_Chin_2023_008,Upper Pitt,2003,
Pit-2006-EC01,LandGen_Chin_2023_007,Upper Pitt,2006,
Pit-2006-EC02,LandGen_Chin_2023_007,Upper Pitt,2006,
Pit-2006-EC03,LandGen_Chin_2023_007,Upper Pitt,2006,
Pit-2006-EC04,LandGen_Chin_2023_007,Upper Pitt,2006,
Pit-2006-EC05,LandGen_Chin_2023_007,Upper Pitt,2006,
Pit-2006-EC06,LandGen_Chin_2023_007,Upper Pitt,2006,
Pit-2006-EC07,LandGen_Chin_2023_007,Upper Pitt,2006,
Pit-2006-EC08,LandGen_Chin_2023_007,Upper Pitt,2006,
Pit-2006-EC09,LandGen_Chin_2023_007,Upper Pitt,2006,
Pit-2006-EC10,LandGen_Chin_2023_007,Upper Pitt,2006,
Pit-2006-EC11,LandGen_Chin_2023_007,Upper Pitt,2006,
Pit-2006-EC12,LandGen_Chin_2023_007,Upper Pitt,2006,
Por-2001-EC01,LandGen_Chin_2023_007,Portage,2001,
Por-2001-EC02,LandGen_Chin_2023_007,Portage,2001,
Por-2001-EC03,LandGen_Chin_2023_007,Portage,2001,
Por-2001-EC04,LandGen_Chin_2023_007,Portage,2001,
Por-2001-EC05,LandGen_Chin_2023_007,Portage,2001,
Por-2001-EC06,LandGen_Chin_2023_007,Portage,2001,
Por-2001-EC07,LandGen_Chin_2023_007,Portage,2001,
Por-2001-EC08,LandGen_Chin_2023_007,Portage,2001,
Por-2005-EC01,LandGen_Chin_2023_007,Portage,2005,
Por-2005-EC02,LandGen_Chin_2023_007,Portage,2005,
Por-2005-EC03,LandGen_Chin_2023_007,Portage,2005,
Por-2005-EC04,LandGen_Chin_2023_007,Portage,2005,
Por-2005-EC05,LandGen_Chin_2023_007,Portage,2005,
Por-2005-EC06,LandGen_Chin_2023_007,Portage,2005,
Por-2005-EC07,LandGen_Chin_2023_007,Portage,2005,
Por-2005-EC08,LandGen_Chin_2023_007,Portage,2005,
Por-2005-EC09,LandGen_Chin_2023_007,Portage,2005,
Por-2005-EC10,LandGen_Chin_2023_007,Portage,2005,
Raf-2002-EC01,LandGen_Chin_2023_008,Raft,2002,
Raf-2002-EC02,LandGen_Chin_2023_008,Raft,2002,
Raf-2002-EC03,LandGen_Chin_2023_008,Raft,2002,
Raf-2002-EC04,LandGen_Chin_2023_008,Raft,2002,
Raf-2002-EC05,LandGen_Chin_2023_008,Raft,2002,
Raf-2002-EC06,LandGen_Chin_2023_008,Raft,2002,
Raf-2002-EC07,LandGen_Chin_2023_008,Raft,2002,
Raf-2009-EC01,LandGen_Chin_2023_008,Raft,2009,
Raf-2009-EC02,LandGen_Chin_2023_008,Raft,2009,
Raf-2009-EC03,LandGen_Chin_2023_008,Raft,2009,
Raf-2009-EC04,LandGen_Chin_2023_008,Raft,2009,
Raf-2010-EC01,LandGen_Chin_2023_006,Raft,2010,
Raf-2010-EC02,LandGen_Chin_2023_006,Raft,2010,
Raf-2010-EC03,LandGen_Chin_2023_006,Raft,2010,
Raf-2010-EC04,LandGen_Chin_2023_006,Raft,2010,
Raf-2010-EC05,LandGen_Chin_2023_006,Raft,2010,
Raf-2010-EC06,LandGen_Chin_2023_006,Raft,2010,
Raf-2011-EC01,LandGen_Chin_2023_003,Raft,2011,
Raf-2011-EC02,LandGen_Chin_2023_003,Raft,2011,
Raf-2011-EC03,LandGen_Chin_2023_003,Raft,2011,
Raf-2011-EC04,LandGen_Chin_2023_003,Raft,2011,
Raf-2011-EC05,LandGen_Chin_2023_003,Raft,2011,
Raf-2011-EC06,LandGen_Chin_2023_003,Raft,2011,
Raf-2011-EC07,LandGen_Chin_2023_003,Raft,2011,
Raf-2011-EC08,LandGen_Chin_2023_003,Raft,2011,
Raf-2011-EC09,LandGen_Chin_2023_003,Raft,2011,
Raf-2011-EC10,LandGen_Chin_2023_003,Raft,2011,
Raf-2011-EC11,LandGen_Chin_2023_003,Raft,2011,
Sal-2015-11,LandGen_Chin_2023_003,Salmon Fork,2015,
Sal-2015-12,LandGen_Chin_2023_003,Salmon Fork,2015,
Sal-2015-13,LandGen_Chin_2023_003,Salmon Fork,2015,
Sal-2015-14,LandGen_Chin_2023_003,Salmon Fork,2015,
Sal-2015-15,LandGen_Chin_2023_003,Salmon Fork,2015,
Sal-2015-16,LandGen_Chin_2023_003,Salmon Fork,2015,
Sal-2015-17,LandGen_Chin_2023_003,Salmon Fork,2015,
Sal-2015-18,LandGen_Chin_2023_003,Salmon Fork,2015,
Sal-2015-19,LandGen_Chin_2023_003,Salmon Fork,2015,
Sal-2015-20,LandGen_Chin_2023_003,Salmon Fork,2015,
San-2002-EC01,LandGen_Chin_2023_005,San Juan,2002,
San-2002-EC02,LandGen_Chin_2023_005,San Juan,2002,
San-2002-EC03,LandGen_Chin_2023_005,San Juan,2002,
San-2002-EC04,LandGen_Chin_2023_005,San Juan,2002,
San-2002-EC05,LandGen_Chin_2023_005,San Juan,2002,
San-2002-EC06,LandGen_Chin_2023_005,San Juan,2002,
San-2002-EC07,LandGen_Chin_2023_005,San Juan,2002,
San-2002-EC08,LandGen_Chin_2023_005,San Juan,2002,
San-2002-EC09,LandGen_Chin_2023_005,San Juan,2002,
San-2002-EC10,LandGen_Chin_2023_005,San Juan,2002,
San-2015-3861,LandGen_Chin_2023_007,San Juan,2015,
San-2015-3862,LandGen_Chin_2023_007,San Juan,2015,
San-2015-3863,LandGen_Chin_2023_007,San Juan,2015,
San-2015-3864,LandGen_Chin_2023_007,San Juan,2015,
San-2015-3865,LandGen_Chin_2023_007,San Juan,2015,
San-2015-3866,LandGen_Chin_2023_007,San Juan,2015,
San-2015-3867,LandGen_Chin_2023_007,San Juan,2015,
San-2015-3868,LandGen_Chin_2023_007,San Juan,2015,
San-2015-3869,LandGen_Chin_2023_007,San Juan,2015,
Sar-2001-EC01,LandGen_Chin_2023_003,Sarita,2001,
Sar-2001-EC02,LandGen_Chin_2023_003,Sarita,2001,
Sar-2001-EC03,LandGen_Chin_2023_003,Sarita,2001,
Sar-2001-EC04,LandGen_Chin_2023_003,Sarita,2001,
Sar-2001-EC05,LandGen_Chin_2023_003,Sarita,2001,
Sar-2001-EC06,LandGen_Chin_2023_003,Sarita,2001,
Sar-2001-EC07,LandGen_Chin_2023_003,Sarita,2001,
Sar-2001-EC08,LandGen_Chin_2023_003,Sarita,2001,
Sar-2001-EC09,LandGen_Chin_2023_003,Sarita,2001,
Sar-2001-EC10,LandGen_Chin_2023_003,Sarita,2001,
SerB-2020-102401,LandGen_Chin_2023_012,Serpentine Brood,2020,Male
SerB-2020-102402,LandGen_Chin_2023_012,Serpentine Brood,2020,Male
SerB-2020-102403,LandGen_Chin_2023_012,Serpentine Brood,2020,Male
SerB-2020-102404,LandGen_Chin_2023_012,Serpentine Brood,2020,Male
SerB-2020-102405,LandGen_Chin_2023_012,Serpentine Brood,2020,Male
SerB-2020-102406,LandGen_Chin_2023_012,Serpentine Brood,2020,Male
SerB-2020-102407,LandGen_Chin_2023_012,Serpentine Brood,2020,Male
SerB-2020-102408,LandGen_Chin_2023_012,Serpentine Brood,2020,Male
SerB-2020-102409,LandGen_Chin_2023_012,Serpentine Brood,2020,Male
SerB-2020-102410,LandGen_Chin_2023_012,Serpentine Brood,2020,Male
Serp-2002-45,LandGen_Chin_2023_005,Serpentine,2002,
Serp-2002-46,LandGen_Chin_2023_005,Serpentine,2002,
Serp-2002-EC01,LandGen_Chin_2023_005,Serpentine,2002,
Serp-2002-EC02,LandGen_Chin_2023_005,Serpentine,2002,
Serp-2002-EC03,LandGen_Chin_2023_005,Serpentine,2002,
Serp-2002-EC04,LandGen_Chin_2023_005,Serpentine,2002,
Serp-2002-EC05,LandGen_Chin_2023_005,Serpentine,2002,
Serp-2002-EC06,LandGen_Chin_2023_005,Serpentine,2002,
Serp-2002-EC07,LandGen_Chin_2023_005,Serpentine,2002,
Sey-2010-EC01,LandGen_Chin_2023_007,Seymour,2010,
Sey-2010-EC02,LandGen_Chin_2023_007,Seymour,2010,
Sey-2010-EC03,LandGen_Chin_2023_007,Seymour,2010,
Sey-2010-EC04,LandGen_Chin_2023_007,Seymour,2010,
Sey-2010-EC05,LandGen_Chin_2023_007,Seymour,2010,
Sey-2010-EC06,LandGen_Chin_2023_007,Seymour,2010,
Sey-2010-EC07,LandGen_Chin_2023_007,Seymour,2010,
Sey-2010-EC08,LandGen_Chin_2023_007,Seymour,2010,
Sey-2010-EC09,LandGen_Chin_2023_007,Seymour,2010,
Sey-2011-EC01,LandGen_Chin_2023_007,Seymour,2011,
Sey-2011-EC02,LandGen_Chin_2023_007,Seymour,2011,
Sey-2011-EC03,LandGen_Chin_2023_007,Seymour,2011,
Sey-2011-EC04,LandGen_Chin_2023_007,Seymour,2011,
Sey-2011-EC05,LandGen_Chin_2023_007,Seymour,2011,
Sey-2011-EC06,LandGen_Chin_2023_007,Seymour,2011,
Sey-2011-EC07,LandGen_Chin_2023_007,Seymour,2011,
Sey-2011-EC08,LandGen_Chin_2023_007,Seymour,2011,
Sey-2011-EC09,LandGen_Chin_2023_007,Seymour,2011,
Sey-2011-EC10,LandGen_Chin_2023_007,Seymour,2011,
Siu-2011-001,LandGen_Chin_2023_003,Siuslaw,2011,
Siu-2011-003,LandGen_Chin_2023_003,Siuslaw,2011,
Siu-2011-004,LandGen_Chin_2023_003,Siuslaw,2011,
Siu-2011-005,LandGen_Chin_2023_003,Siuslaw,2011,
Siu-2011-006,LandGen_Chin_2023_003,Siuslaw,2011,
Siu-2011-007,LandGen_Chin_2023_003,Siuslaw,2011,
Siu-2011-008,LandGen_Chin_2023_003,Siuslaw,2011,
Siu-2011-009,LandGen_Chin_2023_003,Siuslaw,2011,
Siu-2011-010,LandGen_Chin_2023_008,Siuslaw,2011,
Siu-2011-011,LandGen_Chin_2023_008,Siuslaw,2011,
Siu-2011-012,LandGen_Chin_2023_008,Siuslaw,2011,
Siu-2011-013,LandGen_Chin_2023_008,Siuslaw,2011,
Siu-2011-014,LandGen_Chin_2023_008,Siuslaw,2011,
Siu-2011-149,LandGen_Chin_2023_007,Siuslaw,2011,
Siu-2011-199,LandGen_Chin_2023_007,Siuslaw,2011,
Siu-2011-200,LandGen_Chin_2023_007,Siuslaw,2011,
Siu-2011-201,LandGen_Chin_2023_007,Siuslaw,2011,
Siu-2011-202,LandGen_Chin_2023_007,Siuslaw,2011,
Siu-2011-206,LandGen_Chin_2023_007,Siuslaw,2011,
Siu-2011-207,LandGen_Chin_2023_007,Siuslaw,2011,
Siu-2011-217,LandGen_Chin_2023_007,Siuslaw,2011,
Sli-1998-EC01,LandGen_Chin_2023_008,Slim,1998,
Sli-1998-EC02,LandGen_Chin_2023_008,Slim,1998,
Sli-1998-EC03,LandGen_Chin_2023_008,Slim,1998,
Sli-1998-EC04,LandGen_Chin_2023_008,Slim,1998,
Sli-1998-EC05,LandGen_Chin_2023_008,Slim,1998,
Sli-1998-EC06,LandGen_Chin_2023_008,Slim,1998,
Sli-1998-EC07,LandGen_Chin_2023_008,Slim,1998,
Sli-1998-EC08,LandGen_Chin_2023_008,Slim,1998,
Sli-2001-EC01,LandGen_Chin_2023_010,Slim,2001,
Sli-2001-EC02,LandGen_Chin_2023_010,Slim,2001,
Sli-2001-EC03,LandGen_Chin_2023_010,Slim,2001,
Sli-2001-EC04,LandGen_Chin_2023_010,Slim,2001,
Sli-2001-EC05,LandGen_Chin_2023_010,Slim,2001,
Sli-2001-EC06,LandGen_Chin_2023_010,Slim,2001,
Sli-2001-EC07,LandGen_Chin_2023_010,Slim,2001,
Sli-2001-EC08,LandGen_Chin_2023_010,Slim,2001,
Sli-2001-EC09,LandGen_Chin_2023_010,Slim,2001,
Sli-2001-EC10,LandGen_Chin_2023_010,Slim,2001,
Sli-2001-EC11,LandGen_Chin_2023_011,Slim,2001,
Sli-2001-EC12,LandGen_Chin_2023_011,Slim,2001,
Sli-2001-EC13,LandGen_Chin_2023_011,Slim,2001,
Sli-2001-EC14,LandGen_Chin_2023_011,Slim,2001,
Sli-2001-EC15,LandGen_Chin_2023_011,Slim,2001,
Sli-2001-EC16,LandGen_Chin_2023_011,Slim,2001,
Sli-2001-EC17,LandGen_Chin_2023_011,Slim,2001,
Sli-2001-EC18,LandGen_Chin_2023_011,Slim,2001,
Sli-2001-EC19,LandGen_Chin_2023_011,Slim,2001,
Sli-2001-EC20,LandGen_Chin_2023_011,Slim,2001,
Sli-2020-33441,LandGen_Chin_2023_007,Slim,2020,
Sli-2020-33442,LandGen_Chin_2023_007,Slim,2020,
Sli-2020-33443,LandGen_Chin_2023_007,Slim,2020,
Sli-2020-33444,LandGen_Chin_2023_007,Slim,2020,
Sli-2020-33445,LandGen_Chin_2023_007,Slim,2020,
Sli-2020-33446,LandGen_Chin_2023_007,Slim,2020,
Sli-2020-33447,LandGen_Chin_2023_007,Slim,2020,
SpiB-2021-253201,LandGen_Chin_2023_012,Spius Brood,2021,Male
SpiB-2021-253202,LandGen_Chin_2023_012,Spius Brood,2021,Male
SpiB-2021-253203,LandGen_Chin_2023_012,Spius Brood,2021,Male
SpiB-2021-253204,LandGen_Chin_2023_012,Spius Brood,2021,Male
SpiB-2021-253205,LandGen_Chin_2023_012,Spius Brood,2021,Male
SpiB-2021-253301,LandGen_Chin_2023_012,Spius Brood,2021,Female
SpiB-2021-253302,LandGen_Chin_2023_012,Spius Brood,2021,Female
SpiB-2021-253303,LandGen_Chin_2023_012,Spius Brood,2021,Female
SpiB-2021-253304,LandGen_Chin_2023_012,Spius Brood,2021,Female
SpiB-2021-253305,LandGen_Chin_2023_012,Spius Brood,2021,Female
Spiu-2002-EC01,LandGen_Chin_2023_003,Spius,2002,
Spiu-2002-EC02,LandGen_Chin_2023_003,Spius,2002,
Spiu-2002-EC03,LandGen_Chin_2023_003,Spius,2002,
Spiu-2002-EC04,LandGen_Chin_2023_003,Spius,2002,
Spiu-2002-EC05,LandGen_Chin_2023_003,Spius,2002,
Spiu-2002-EC06,LandGen_Chin_2023_003,Spius,2002,
Spiu-2002-EC08,LandGen_Chin_2023_003,Spius,2002,
Spiu-2002-EC09,LandGen_Chin_2023_003,Spius,2002,
Squ-2009-1,LandGen_Chin_2023_003,Squingula,2009,
Squ-2009-2,LandGen_Chin_2023_003,Squingula,2009,
Squ-2009-3,LandGen_Chin_2023_003,Squingula,2009,
Squ-2009-4,LandGen_Chin_2023_003,Squingula,2009,
Squ-2009-5,LandGen_Chin_2023_003,Squingula,2009,
Squ-2009-7,LandGen_Chin_2023_003,Squingula,2009,
Squ-2009-8,LandGen_Chin_2023_003,Squingula,2009,
Sus-2006-EC01,LandGen_Chin_2023_010,Sustut,2006,
Sus-2006-EC02,LandGen_Chin_2023_010,Sustut,2006,
Sus-2006-EC03,LandGen_Chin_2023_010,Sustut,2006,
Sus-2006-EC04,LandGen_Chin_2023_010,Sustut,2006,
Sus-2006-EC05,LandGen_Chin_2023_010,Sustut,2006,
Sus-2006-EC06,LandGen_Chin_2023_010,Sustut,2006,
Sus-2006-EC07,LandGen_Chin_2023_010,Sustut,2006,
Sus-2006-EC08,LandGen_Chin_2023_010,Sustut,2006,
Sus-2006-EC09,LandGen_Chin_2023_010,Sustut,2006,
Sus-2006-EC10,LandGen_Chin_2023_010,Sustut,2006,
Swi-2003-EC01,LandGen_Chin_2023_009,Swift,2003,
Swi-2003-EC02,LandGen_Chin_2023_009,Swift,2003,
Swi-2003-EC03,LandGen_Chin_2023_009,Swift,2003,
Swi-2003-EC04,LandGen_Chin_2023_009,Swift,2003,
Swi-2003-EC05,LandGen_Chin_2023_009,Swift,2003,
Swi-2003-EC06,LandGen_Chin_2023_009,Swift,2003,
Swi-2003-EC07,LandGen_Chin_2023_009,Swift,2003,
Swi-2003-EC08,LandGen_Chin_2023_009,Swift,2003,
Swi-2006-EC01,LandGen_Chin_2023_006,Swift,2006,
Swi-2006-EC02,LandGen_Chin_2023_006,Swift,2006,
Swi-2006-EC03,LandGen_Chin_2023_006,Swift,2006,
Swi-2006-EC04,LandGen_Chin_2023_006,Swift,2006,
Swi-2006-EC05,LandGen_Chin_2023_006,Swift,2006,
Swi-2006-EC06,LandGen_Chin_2023_006,Swift,2006,
Swi-2006-EC07,LandGen_Chin_2023_006,Swift,2006,
Swi-2006-EC08,LandGen_Chin_2023_006,Swift,2006,
Swi-2006-EC09,LandGen_Chin_2023_006,Swift,2006,
Swi-2010-EC01,LandGen_Chin_2023_004,Swift,2010,
Swi-2010-EC02,LandGen_Chin_2023_004,Swift,2010,
Swi-2010-EC03,LandGen_Chin_2023_004,Swift,2010,
Swi-2010-EC04,LandGen_Chin_2023_004,Swift,2010,
Swi-2010-EC05,LandGen_Chin_2023_004,Swift,2010,
Swi-2010-EC06,LandGen_Chin_2023_004,Swift,2010,
Swi-2010-EC07,LandGen_Chin_2023_004,Swift,2010,
Swi-2010-EC08,LandGen_Chin_2023_004,Swift,2010,
Swi-2010-EC09,LandGen_Chin_2023_004,Swift,2010,
Tah-2021-EC01,LandGen_Chin_2023_004,Tahltan,2021,
Tah-2021-EC02,LandGen_Chin_2023_004,Tahltan,2021,
Tah-2021-EC03,LandGen_Chin_2023_004,Tahltan,2021,
Tah-2021-EC04,LandGen_Chin_2023_004,Tahltan,2021,
Tah-2021-EC05,LandGen_Chin_2023_004,Tahltan,2021,
Tah-2021-EC06,LandGen_Chin_2023_004,Tahltan,2021,
Tah-2021-EC07,LandGen_Chin_2023_004,Tahltan,2021,
Tah-2021-EC08,LandGen_Chin_2023_004,Tahltan,2021,
Tah-2021-EC09,LandGen_Chin_2023_004,Tahltan,2021,
Tak-2010-EC01,LandGen_Chin_2023_004,Takhanne,2010,
Tak-2010-EC02,LandGen_Chin_2023_004,Takhanne,2010,
Tak-2010-EC03,LandGen_Chin_2023_004,Takhanne,2010,
Tak-2010-EC04,LandGen_Chin_2023_004,Takhanne,2010,
Tak-2010-EC05,LandGen_Chin_2023_004,Takhanne,2010,
Tak-2010-EC06,LandGen_Chin_2023_004,Takhanne,2010,
Tak-2010-EC07,LandGen_Chin_2023_004,Takhanne,2010,
Tak-2011-EC01,LandGen_Chin_2023_004,Takhanne,2011,
Tak-2011-EC02,LandGen_Chin_2023_004,Takhanne,2011,
Tak-2011-EC03,LandGen_Chin_2023_004,Takhanne,2011,
Tak-2011-EC04,LandGen_Chin_2023_004,Takhanne,2011,
Takhi-2003-1,LandGen_Chin_2023_009,Takhini,2003,
Takhi-2003-10,LandGen_Chin_2023_009,Takhini,2003,
Takhi-2003-2,LandGen_Chin_2023_009,Takhini,2003,
Takhi-2003-3,LandGen_Chin_2023_009,Takhini,2003,
Takhi-2003-4,LandGen_Chin_2023_009,Takhini,2003,
Takhi-2003-5,LandGen_Chin_2023_009,Takhini,2003,
Takhi-2003-6,LandGen_Chin_2023_009,Takhini,2003,
Takhi-2003-7,LandGen_Chin_2023_009,Takhini,2003,
Takhi-2003-8,LandGen_Chin_2023_009,Takhini,2003,
Takhi-2003-9,LandGen_Chin_2023_009,Takhini,2003,
Tas-2002-EC01,LandGen_Chin_2023_004,Taseko,2002,
Tas-2002-EC02,LandGen_Chin_2023_004,Taseko,2002,
Tas-2002-EC03,LandGen_Chin_2023_004,Taseko,2002,
Tas-2002-EC04,LandGen_Chin_2023_004,Taseko,2002,
Tas-2002-EC05,LandGen_Chin_2023_004,Taseko,2002,
Tas-2002-EC06,LandGen_Chin_2023_004,Taseko,2002,
Tas-2002-EC07,LandGen_Chin_2023_004,Taseko,2002,
Tas-2002-EC08,LandGen_Chin_2023_004,Taseko,2002,
Tas-2002-EC09,LandGen_Chin_2023_004,Taseko,2002,
Tas-2002-EC10,LandGen_Chin_2023_004,Taseko,2002,
Tho-2010-25,LandGen_Chin_2023_011,Thomas,2010,
Tho-2010-26,LandGen_Chin_2023_011,Thomas,2010,
Tho-2010-27,LandGen_Chin_2023_011,Thomas,2010,
Tho-2010-28,LandGen_Chin_2023_011,Thomas,2010,
Tho-2010-29,LandGen_Chin_2023_011,Thomas,2010,
Tho-2010-30,LandGen_Chin_2023_011,Thomas,2010,
Tho-2010-31,LandGen_Chin_2023_011,Thomas,2010,
Tho-2010-32,LandGen_Chin_2023_011,Thomas,2010,
Tho-2010-33,LandGen_Chin_2023_011,Thomas,2010,
Tho-2010-34,LandGen_Chin_2023_011,Thomas,2010,
Tho-2010-60,LandGen_Chin_2023_011,Thomas,2010,
Tho-2010-61,LandGen_Chin_2023_011,Thomas,2010,
Tho-2010-62,LandGen_Chin_2023_011,Thomas,2010,
Tho-2010-63,LandGen_Chin_2023_011,Thomas,2010,
Tin-2009-EC01,LandGen_Chin_2023_004,Tincup,2009,
Tin-2009-EC02,LandGen_Chin_2023_004,Tincup,2009,
Tin-2009-EC03,LandGen_Chin_2023_004,Tincup,2009,
Tin-2009-EC04,LandGen_Chin_2023_004,Tincup,2009,
Tin-2009-EC05,LandGen_Chin_2023_004,Tincup,2009,
Tin-2009-EC06,LandGen_Chin_2023_004,Tincup,2009,
Tin-2009-EC07,LandGen_Chin_2023_004,Tincup,2009,
Tin-2009-EC08,LandGen_Chin_2023_004,Tincup,2009,
Tin-2009-EC09,LandGen_Chin_2023_004,Tincup,2009,
Tin-2009-EC10,LandGen_Chin_2023_004,Tincup,2009,
Toz-2003-1,LandGen_Chin_2023_004,Tozitna,2003,
Toz-2003-2,LandGen_Chin_2023_004,Tozitna,2003,
Toz-2003-3,LandGen_Chin_2023_004,Tozitna,2003,
Toz-2003-4,LandGen_Chin_2023_004,Tozitna,2003,
Toz-2003-5,LandGen_Chin_2023_004,Tozitna,2003,
Toz-2003-6,LandGen_Chin_2023_004,Tozitna,2003,
Toz-2003-7,LandGen_Chin_2023_004,Tozitna,2003,
Toz-2003-8,LandGen_Chin_2023_004,Tozitna,2003,
Tri-1998-82,LandGen_Chin_2023_008,Trinity,1998,
Tri-1998-83,LandGen_Chin_2023_008,Trinity,1998,
Tri-1998-84,LandGen_Chin_2023_008,Trinity,1998,
Tri-1998-85,LandGen_Chin_2023_008,Trinity,1998,
Tri-1998-91,LandGen_Chin_2023_004,Trinity,1998,
Tri-1998-92,LandGen_Chin_2023_004,Trinity,1998,
Tri-1998-93,LandGen_Chin_2023_004,Trinity,1998,
Tri-1998-94,LandGen_Chin_2023_004,Trinity,1998,
Tri-1998-95,LandGen_Chin_2023_004,Trinity,1998,
Tri-1998-96,LandGen_Chin_2023_004,Trinity,1998,
Tri-1998-97,LandGen_Chin_2023_004,Trinity,1998,
Tri-1998-99,LandGen_Chin_2023_004,Trinity,1998,
Ver-2021-EC01,LandGen_Chin_2023_004,Verrett,2021,
Ver-2021-EC02,LandGen_Chin_2023_004,Verrett,2021,
Ver-2021-EC03,LandGen_Chin_2023_004,Verrett,2021,
Ver-2021-EC04,LandGen_Chin_2023_004,Verrett,2021,
Ver-2021-EC05,LandGen_Chin_2023_004,Verrett,2021,
Ver-2021-EC06,LandGen_Chin_2023_004,Verrett,2021,
Ver-2021-EC07,LandGen_Chin_2023_004,Verrett,2021,
Ver-2021-EC08,LandGen_Chin_2023_004,Verrett,2021,
Yak-2001-EC01,LandGen_Chin_2023_004,Yakoun,2001,
Yak-2001-EC02,LandGen_Chin_2023_004,Yakoun,2001,
Yak-2001-EC03,LandGen_Chin_2023_004,Yakoun,2001,
Yak-2001-EC04,LandGen_Chin_2023_004,Yakoun,2001,
Yak-2001-EC05,LandGen_Chin_2023_004,Yakoun,2001,
Yak-2001-EC06,LandGen_Chin_2023_004,Yakoun,2001,
Yak-2001-EC07,LandGen_Chin_2023_004,Yakoun,2001,
Yak-2001-EC08,LandGen_Chin_2023_006,Yakoun,2001,
Yak-2001-EC09,LandGen_Chin_2023_006,Yakoun,2001,
Yak-2001-EC10,LandGen_Chin_2023_006,Yakoun,2001,
Yet-2010-EC01,LandGen_Chin_2023_004,Yeth,2010,
Yet-2010-EC02,LandGen_Chin_2023_004,Yeth,2010,
Yet-2010-EC03,LandGen_Chin_2023_004,Yeth,2010,
Yet-2010-EC04,LandGen_Chin_2023_004,Yeth,2010,
Yet-2010-EC05,LandGen_Chin_2023_004,Yeth,2010,
Yet-2010-EC06,LandGen_Chin_2023_004,Yeth,2010,
Yet-2010-EC07,LandGen_Chin_2023_004,Yeth,2010,
Yet-2010-EC08,LandGen_Chin_2023_004,Yeth,2010,
Yet-2010-EC09,LandGen_Chin_2023_004,Yeth,2010,
Yuk-1997-101,LandGen_Chin_2023_004,Yukon,1997,
Yuk-1997-102,LandGen_Chin_2023_004,Yukon,1997,
Yuk-1997-103,LandGen_Chin_2023_004,Yukon,1997,
Yuk-1997-104,LandGen_Chin_2023_004,Yukon,1997,
Yuk-1997-105,LandGen_Chin_2023_004,Yukon,1997,
Yuk-1997-107,LandGen_Chin_2023_008,Yukon,1997,
Yuk-1997-108,LandGen_Chin_2023_008,Yukon,1997,
Yuk-1997-109,LandGen_Chin_2023_008,Yukon,1997,
Yuk-1997-110,LandGen_Chin_2023_008,Yukon,1997,
Yuk-1997-111,LandGen_Chin_2023_008,Yukon,1997,
Yuk-1997-112,LandGen_Chin_2023_008,Yukon,1997,
Yuk-1997-113,LandGen_Chin_2023_008,Yukon,1997,
Yuk-1997-114,LandGen_Chin_2023_008,Yukon,1997,
