#Lane,Barcode,Population,Sample,PopulationID,PlatePosition,subPlate,,,,
trimmed_hdgbs_P1_R1.fastq.gz,CTCG,Andreafsky,And-2003-Kand0309.001,Andreafsky,A01,P1,,,,
trimmed_hdgbs_P2_R1.fastq.gz,CTCG,Salmon Fork,Sal-2015-16,Salmon Fork,A01,P2,,,,
trimmed_hdgbs_P3_R1.fastq.gz,CTCG,Dudidontu,Dud-2006-EC05,Dudidontu,A01,P3,,,,
trimmed_hdgbs_P4_R1.fastq.gz,CTCG,Cariboo,Car-2001-UC-16B,Cariboo,A01,P4,,,,
trimmed_hdgbs_P5_R1.fastq.gz,CTCG,Adams,Ada-2001-EC01,Adams,A01,P5,,,,
trimmed_hdgbs_P1_R1.fastq.gz,TGCA,Cowichan,Cow-2016-EC01,Cowichan,A02,P1,,,,
trimmed_hdgbs_P2_R1.fastq.gz,TGCA,Sarita,Sar-2001-EC05,Sarita,A02,P2,,,,
trimmed_hdgbs_P3_R1.fastq.gz,TGCA,Duteau,Dut-2006-EC04,Duteau,A02,P3,,,,
trimmed_hdgbs_P4_R1.fastq.gz,TGCA,Sustut,Sus-2006-EC06,Sustut,A02,P4,,,,
trimmed_hdgbs_P5_R1.fastq.gz,TGCA,Okanagan,Oka-2007-13620,Okanagan,A02,P5,,,,
trimmed_hdgbs_P1_R1.fastq.gz,ACTA,Harrison,Harr-2006-K059,Harrison,A03,P1,,,,
trimmed_hdgbs_P2_R1.fastq.gz,ACTA,Takhanne,Tak-2010-EC01,Takhanne,A03,P2,,,,
trimmed_hdgbs_P3_R1.fastq.gz,ACTA,Nahatlatch,Nah-2010-EC02,Nahatlatch,A03,P3,,,,
trimmed_hdgbs_P4_R1.fastq.gz,ACTA,Cheakamus,Che-2007-EC08,Cheakamus,A03,P4,,,,
trimmed_hdgbs_P5_R1.fastq.gz,ACTA,Kitlope,Kitl-2006-EC10,Kitlope,A03,P5,,,,
trimmed_hdgbs_P1_R1.fastq.gz,CAGA,Nusatsum,Nus-2018-54306,Nusatsum,A04,P1,,,,
trimmed_hdgbs_P2_R1.fastq.gz,CAGA,Taseko,Tas-2002-EC07,Taseko,A04,P2,,,,
trimmed_hdgbs_P3_R1.fastq.gz,CAGA,Kincolith,Kin-1999-EC02,Kincolith,A04,P3,,,,
trimmed_hdgbs_P4_R1.fastq.gz,CAGA,Klondike,Klo-2007-EC06,Klondike,A04,P4,,,,
trimmed_hdgbs_P5_R1.fastq.gz,CAGA,Swift,Swi-2010-EC07,Swift,A04,P5,,,,
trimmed_hdgbs_P1_R1.fastq.gz,AACT,Abernathy,Abe-1995-95EK13,Abernathy,A05,P1,,,,
trimmed_hdgbs_P2_R1.fastq.gz,AACT,Tincup,Tin-2009-EC06,Tincup,A05,P2,,,,
trimmed_hdgbs_P3_R1.fastq.gz,AACT,Kitwanga,Kitw-2002-EC02,Kitwanga,A05,P3,,,,
trimmed_hdgbs_P4_R1.fastq.gz,AACT,Moyeha,Moy-2010-6515,Moyeha,A05,P4,,,,
trimmed_hdgbs_P5_R1.fastq.gz,AACT,Verrett,Ver-2021-EC08,Verrett,A05,P5,,,,
trimmed_hdgbs_P1_R1.fastq.gz,GCGT,Cowichan,Cow-2016-EC07,Cowichan,A06,P1,,,,
trimmed_hdgbs_P2_R1.fastq.gz,GCGT,Tozitna,Toz-2003-5,Tozitna,A06,P2,,,,
trimmed_hdgbs_P3_R1.fastq.gz,GCGT,Portage,Por-2005-EC02,Portage,A06,P3,,,,
trimmed_hdgbs_P4_R1.fastq.gz,GCGT,Morley,Mor-2009-EC10,Morley,A06,P4,,,,
trimmed_hdgbs_P5_R1.fastq.gz,GCGT,Kwinageese,Kwi-1996-CH-KW-96-18,Kwinageese,A06,P5,,,,
trimmed_hdgbs_P1_R1.fastq.gz,CGAT,Kaouk,Kao-2010-208,Kaouk,A07,P1,,,,
trimmed_hdgbs_P2_R1.fastq.gz,CGAT,Trinity,Tri-1998-95,Trinity,A07,P2,,,,
trimmed_hdgbs_P3_R1.fastq.gz,CGAT,Portage,Por-2001-EC01,Portage,A07,P3,,,,
trimmed_hdgbs_P4_R1.fastq.gz,CGAT,Kitsumkalum,Kits-1995-24,Kitsumkalum,A07,P4,,,,
trimmed_hdgbs_P5_R1.fastq.gz,CGAT,Siuslaw,Siu-2011-202,Siuslaw,A07,P5,,,,
trimmed_hdgbs_P1_R1.fastq.gz,GTAA,Hoole,Hoo-2005-EC03,Hoole,A08,P1,,,,
trimmed_hdgbs_P2_R1.fastq.gz,GTAA,Yakoun,Yak-2001-EC07,Yakoun,A08,P2,,,,
trimmed_hdgbs_P3_R1.fastq.gz,GTAA,San Juan,San-2015-3863,San Juan,A08,P3,,,,
trimmed_hdgbs_P4_R1.fastq.gz,GTAA,Klinaklini,Klin-2002-EC03,Klinaklini,A08,P4,,,,
trimmed_hdgbs_P5_R1.fastq.gz,GTAA,Siuslaw,Siu-2011-010,Siuslaw,A08,P5,,,,
trimmed_hdgbs_P1_R1.fastq.gz,TACG,Ecstall,Ecs-2003-EC05,Ecstall,A09,P1,,,,
trimmed_hdgbs_P2_R1.fastq.gz,TACG,Yeth,Yet-2010-EC08,Yeth,A09,P2,,,,
trimmed_hdgbs_P3_R1.fastq.gz,TACG,Upper Pitt,Pit-2003-H3,Upper Pitt,A09,P3,,,,
trimmed_hdgbs_P4_R1.fastq.gz,TACG,Kildala,Kild-2000-EC03,Kildala,A09,P4,,,,
trimmed_hdgbs_P5_R1.fastq.gz,TACG,Tahltan,Tah-2021-EC01,Tahltan,A09,P5,,,,
trimmed_hdgbs_P1_R1.fastq.gz,GATG,Imnaha,Imn-1999-355,Imnaha,A10,P1,,,,
trimmed_hdgbs_P2_R1.fastq.gz,GATG,Big Salmon,BigS-2016-0056,Big Salmon,A10,P2,,,,
trimmed_hdgbs_P3_R1.fastq.gz,GATG,Nusatsum,Nus-2018-54402,Nusatsum,A10,P3,,,,
trimmed_hdgbs_P4_R1.fastq.gz,GATG,Serpentine,SerB-2020-102402,Serpentine,A10,P4,,,,
trimmed_hdgbs_P5_R1.fastq.gz,GATG,Duteau,Dut-2006-EC03,Duteau,A10,P5,,,,
trimmed_hdgbs_P1_R1.fastq.gz,TCAG,Mayo,May-2009-EC05,Mayo,A11,P1,,,,
trimmed_hdgbs_P2_R1.fastq.gz,TCAG,Dean,Dea-2006-EC08,Dean,A11,P2,,,,
trimmed_hdgbs_P3_R1.fastq.gz,TCAG,Hoole,Hoo-2005-EC11,Hoole,A11,P3,,,,
trimmed_hdgbs_P4_R1.fastq.gz,TCAG,Big Qualicum,BigB-2021-219243,Big Qualicum,A11,P4,,,,
trimmed_hdgbs_P5_R1.fastq.gz,TCAG,Kwinageese,Kwi-1996-CH-KW-96-39,Kwinageese,A11,P5,,,,
trimmed_hdgbs_P1_R1.fastq.gz,TGCGA,Phillips,Phi-2010-607,Phillips,A12,P1,,,,
trimmed_hdgbs_P2_R1.fastq.gz,TGCGA,Nordenskiold,Nor-2006-EC06,Nordenskiold,A12,P2,,,,
trimmed_hdgbs_P3_R1.fastq.gz,TGCGA,Takhini,Takhi-2003-8,Takhini,A12,P3,,,,
trimmed_hdgbs_P4_R1.fastq.gz,TGCGA,Spius,SpiB-2021-253203,Spius,A12,P4,,,,
trimmed_hdgbs_P5_R1.fastq.gz,TGCGA,Adams,Ada-2002-EC01,Adams,A12,P5,,,,
trimmed_hdgbs_P1_R1.fastq.gz,CGCTT,Andreafsky,And-2003-Kand0309.004,Andreafsky,B01,P1,,,,
trimmed_hdgbs_P2_R1.fastq.gz,CGCTT,Salmon Fork,Sal-2015-17,Salmon Fork,B01,P2,,,,
trimmed_hdgbs_P3_R1.fastq.gz,CGCTT,Dudidontu,Dud-2006-EC06,Dudidontu,B01,P3,,,,
trimmed_hdgbs_P4_R1.fastq.gz,CGCTT,Cariboo,Car-2001-UC-16C,Cariboo,B01,P4,,,,
trimmed_hdgbs_P5_R1.fastq.gz,CGCTT,Adams,Ada-2001-EC02,Adams,B01,P5,,,,
trimmed_hdgbs_P1_R1.fastq.gz,TCACG,Cowichan,Cow-2016-EC02,Cowichan,B02,P1,,,,
trimmed_hdgbs_P2_R1.fastq.gz,TCACG,Sarita,Sar-2001-EC07,Sarita,B02,P2,,,,
trimmed_hdgbs_P3_R1.fastq.gz,TCACG,Duteau,Dut-2006-EC06,Duteau,B02,P3,,,,
trimmed_hdgbs_P4_R1.fastq.gz,TCACG,Sustut,Sus-2006-EC07,Sustut,B02,P4,,,,
trimmed_hdgbs_P5_R1.fastq.gz,TCACG,Okanagan,Oka-2007-13621,Okanagan,B02,P5,,,,
trimmed_hdgbs_P1_R1.fastq.gz,CTGCG,Kaouk,Kao-2010-201,Kaouk,B03,P1,,,,
trimmed_hdgbs_P2_R1.fastq.gz,CTGCG,Takhanne,Tak-2010-EC02,Takhanne,B03,P2,,,,
trimmed_hdgbs_P3_R1.fastq.gz,CTGCG,Nahatlatch,Nah-2010-EC04,Nahatlatch,B03,P3,,,,
trimmed_hdgbs_P4_R1.fastq.gz,CTGCG,Cheakamus,Che-2007-EC09,Cheakamus,B03,P4,,,,
trimmed_hdgbs_P5_R1.fastq.gz,CTGCG,Raft,Raf-2011-EC03,Raft,B03,P5,,,,
trimmed_hdgbs_P1_R1.fastq.gz,ACAAA,Andreafsky,And-2003-Kand0309.010,Andreafsky,B04,P1,,,,
trimmed_hdgbs_P2_R1.fastq.gz,ACAAA,Taseko,Tas-2002-EC08,Taseko,B04,P2,,,,
trimmed_hdgbs_P3_R1.fastq.gz,ACAAA,Kincolith,Kin-1999-EC03,Kincolith,B04,P3,,,,
trimmed_hdgbs_P4_R1.fastq.gz,ACAAA,Klondike,Klo-2007-EC08,Klondike,B04,P4,,,,
trimmed_hdgbs_P5_R1.fastq.gz,ACAAA,Tahltan,Tah-2021-EC05,Tahltan,B04,P5,,,,
trimmed_hdgbs_P1_R1.fastq.gz,TTCTG,Abernathy,Abe-1995-95EK17,Abernathy,B05,P1,,,,
trimmed_hdgbs_P2_R1.fastq.gz,TTCTG,Tincup,Tin-2009-EC08,Tincup,B05,P2,,,,
trimmed_hdgbs_P3_R1.fastq.gz,TTCTG,Kitwanga,Kitw-2002-EC03,Kitwanga,B05,P3,,,,
trimmed_hdgbs_P4_R1.fastq.gz,TTCTG,Moyeha,Moy-2010-6599,Moyeha,B05,P4,,,,
trimmed_hdgbs_P5_R1.fastq.gz,TTCTG,Adams,Ada-2002-EC02,Adams,B05,P5,,,,
trimmed_hdgbs_P1_R1.fastq.gz,GATAT,Cowichan,Cow-2016-EC08,Cowichan,B06,P1,,,,
trimmed_hdgbs_P2_R1.fastq.gz,GATAT,Tozitna,Toz-2003-6,Tozitna,B06,P2,,,,
trimmed_hdgbs_P3_R1.fastq.gz,GATAT,Portage,Por-2005-EC03,Portage,B06,P3,,,,
trimmed_hdgbs_P4_R1.fastq.gz,GATAT,Morley,Mor-2009-EC11,Morley,B06,P4,,,,
trimmed_hdgbs_P5_R1.fastq.gz,GATAT,Kwinageese,Kwi-1996-CH-KW-96-72,Kwinageese,B06,P5,,,,
trimmed_hdgbs_P1_R1.fastq.gz,GTATT,Kaouk,Kao-2010-209,Kaouk,B07,P1,,,,
trimmed_hdgbs_P2_R1.fastq.gz,GTATT,Trinity,Tri-1998-96,Trinity,B07,P2,,,,
trimmed_hdgbs_P3_R1.fastq.gz,GTATT,Portage,Por-2001-EC03,Portage,B07,P3,,,,
trimmed_hdgbs_P4_R1.fastq.gz,GTATT,Kitsumkalum,Kits-1995-2,Kitsumkalum,B07,P4,,,,
trimmed_hdgbs_P5_R1.fastq.gz,GTATT,Adams,Ada-2002-EC03,Adams,B07,P5,,,,
trimmed_hdgbs_P1_R1.fastq.gz,CTGTA,Hoole,Hoo-2005-EC05,Hoole,B08,P1,,,,
trimmed_hdgbs_P2_R1.fastq.gz,CTGTA,Yeth,Yet-2010-EC01,Yeth,B08,P2,,,,
trimmed_hdgbs_P3_R1.fastq.gz,CTGTA,San Juan,San-2015-3865,San Juan,B08,P3,,,,
trimmed_hdgbs_P4_R1.fastq.gz,CTGTA,Klinaklini,Klin-2002-EC04,Klinaklini,B08,P4,,,,
trimmed_hdgbs_P5_R1.fastq.gz,CTGTA,Raft,Raf-2002-EC04,Raft,B08,P5,,,,
trimmed_hdgbs_P1_R1.fastq.gz,ACCGT,Ecstall,Ecs-2003-EC06,Ecstall,B09,P1,,,,
trimmed_hdgbs_P2_R1.fastq.gz,ACCGT,Big Salmon,BigS-2016-0047,Big Salmon,B09,P2,,,,
trimmed_hdgbs_P3_R1.fastq.gz,ACCGT,Upper Pitt,Pit-2003-H5,Upper Pitt,B09,P3,,,,
trimmed_hdgbs_P4_R1.fastq.gz,ACCGT,Kildala,Kild-2000-EC04,Kildala,B09,P4,,,,
trimmed_hdgbs_P5_R1.fastq.gz,ACCGT,Tahltan,Tah-2021-EC02,Tahltan,B09,P5,,,,
trimmed_hdgbs_P1_R1.fastq.gz,GCTTA,Imnaha,Imn-1999-356,Imnaha,B10,P1,,,,
trimmed_hdgbs_P2_R1.fastq.gz,GCTTA,Dean,Dea-2006-EC01,Dean,B10,P2,,,,
trimmed_hdgbs_P3_R1.fastq.gz,GCTTA,Nusatsum,Nus-2018-54404,Nusatsum,B10,P3,,,,
trimmed_hdgbs_P4_R1.fastq.gz,GCTTA,Serpentine,SerB-2020-102403,Serpentine,B10,P4,,,,
trimmed_hdgbs_P5_R1.fastq.gz,GCTTA,Seymour,Sey-2010-EC04,Seymour,B10,P5,,,,
trimmed_hdgbs_P1_R1.fastq.gz,GGTGT,Mayo,May-2009-EC09,Mayo,B11,P1,,,,
trimmed_hdgbs_P2_R1.fastq.gz,GGTGT,San Juan,San-2002-EC01,San Juan,B11,P2,,,,
trimmed_hdgbs_P3_R1.fastq.gz,GGTGT,Nimpkish,Nim-2010-1411,Nimpkish,B11,P3,,,,
trimmed_hdgbs_P4_R1.fastq.gz,GGTGT,Big Qualicum,BigB-2021-219244,Big Qualicum,B11,P4,,,,
trimmed_hdgbs_P5_R1.fastq.gz,GGTGT,Birkenhead,Bir-2005-EC12,Birkenhead,B11,P5,,,,
trimmed_hdgbs_P1_R1.fastq.gz,CGTTA,Phillips,Phi-2010-608,Phillips,B12,P1,,,,
trimmed_hdgbs_P2_R1.fastq.gz,CGTTA,Nordenskiold,Nor-2006-EC07,Nordenskiold,B12,P2,,,,
trimmed_hdgbs_P3_R1.fastq.gz,CGTTA,Takhini,Takhi-2003-9,Takhini,B12,P3,,,,
trimmed_hdgbs_P4_R1.fastq.gz,CGTTA,Spius,SpiB-2021-253204,Spius,B12,P4,,,,
trimmed_hdgbs_P5_R1.fastq.gz,CGTTA,Endako,End-2006-EC18,Endako,B12,P5,,,,
trimmed_hdgbs_P1_R1.fastq.gz,ATTGA,Andreafsky,And-2003-Kand0309.008,Andreafsky,C01,P1,,,,
trimmed_hdgbs_P2_R1.fastq.gz,ATTGA,Salmon Fork,Sal-2015-18,Salmon Fork,C01,P2,,,,
trimmed_hdgbs_P3_R1.fastq.gz,ATTGA,Dudidontu,Dud-2006-EC07,Dudidontu,C01,P3,,,,
trimmed_hdgbs_P4_R1.fastq.gz,ATTGA,Cariboo,Car-2001-UC-16D,Cariboo,C01,P4,,,,
trimmed_hdgbs_P5_R1.fastq.gz,ATTGA,Adams,Ada-2001-EC03,Adams,C01,P5,,,,
trimmed_hdgbs_P1_R1.fastq.gz,CATCT,Cowichan,Cow-2016-EC03,Cowichan,C02,P1,,,,
trimmed_hdgbs_P2_R1.fastq.gz,CATCT,Sarita,Sar-2001-EC08,Sarita,C02,P2,,,,
trimmed_hdgbs_P3_R1.fastq.gz,CATCT,Yakoun,Yak-2001-EC09,Yakoun,C02,P3,,,,
trimmed_hdgbs_P4_R1.fastq.gz,CATCT,Sustut,Sus-2006-EC10,Sustut,C02,P4,,,,
trimmed_hdgbs_P5_R1.fastq.gz,CATCT,Okanagan,Oka-2007-13622,Okanagan,C02,P5,,,,
trimmed_hdgbs_P1_R1.fastq.gz,CACTG,Kaouk,Kao-2010-202,Kaouk,C03,P1,,,,
trimmed_hdgbs_P2_R1.fastq.gz,CACTG,Takhanne,Tak-2010-EC03,Takhanne,C03,P2,,,,
trimmed_hdgbs_P3_R1.fastq.gz,CACTG,Nahatlatch,Nah-2010-EC05,Nahatlatch,C03,P3,,,,
trimmed_hdgbs_P4_R1.fastq.gz,CACTG,Cheakamus,Che-2007-EC10,Cheakamus,C03,P4,,,,
trimmed_hdgbs_P5_R1.fastq.gz,CACTG,Raft,Raf-2011-EC04,Raft,C03,P5,,,,
trimmed_hdgbs_P1_R1.fastq.gz,GAGGA,Andreafsky,And-2003-Kand0309.013,Andreafsky,C04,P1,,,,
trimmed_hdgbs_P2_R1.fastq.gz,GAGGA,Taseko,Tas-2002-EC09,Taseko,C04,P2,,,,
trimmed_hdgbs_P3_R1.fastq.gz,GAGGA,Kincolith,Kin-1999-EC05,Kincolith,C04,P3,,,,
trimmed_hdgbs_P4_R1.fastq.gz,GAGGA,Klondike,Klo-2007-EC09,Klondike,C04,P4,,,,
trimmed_hdgbs_P5_R1.fastq.gz,GAGGA,Tahltan,Tah-2021-EC06,Tahltan,C04,P5,,,,
trimmed_hdgbs_P1_R1.fastq.gz,GGAAG,Birkenhead,Bir-2005-EC06,Birkenhead,C05,P1,,,,
trimmed_hdgbs_P2_R1.fastq.gz,GGAAG,Tincup,Tin-2009-EC09,Tincup,C05,P2,,,,
trimmed_hdgbs_P3_R1.fastq.gz,GGAAG,Kitwanga,Kitw-2002-EC04,Kitwanga,C05,P3,,,,
trimmed_hdgbs_P4_R1.fastq.gz,GGAAG,Moyeha,Moy-2010-4520,Moyeha,C05,P4,,,,
trimmed_hdgbs_P5_R1.fastq.gz,GGAAG,Seymour,Sey-2010-EC07,Seymour,C05,P5,,,,
trimmed_hdgbs_P1_R1.fastq.gz,GTCAA,Cowichan,Cow-2016-EC09,Cowichan,C06,P1,,,,
trimmed_hdgbs_P2_R1.fastq.gz,GTCAA,Tozitna,Toz-2003-7,Tozitna,C06,P2,,,,
trimmed_hdgbs_P3_R1.fastq.gz,GTCAA,Portage,Por-2005-EC04,Portage,C06,P3,,,,
trimmed_hdgbs_P4_R1.fastq.gz,GTCAA,Morley,Mor-2009-EC12,Morley,C06,P4,,,,
trimmed_hdgbs_P5_R1.fastq.gz,GTCAA,Swift,Swi-2003-EC01,Swift,C06,P5,,,,
trimmed_hdgbs_P1_R1.fastq.gz,TAATA,Kilbella,Kil-2000-K24,Kilbella,C07,P1,,,,
trimmed_hdgbs_P2_R1.fastq.gz,TAATA,Trinity,Tri-1998-99,Trinity,C07,P2,,,,
trimmed_hdgbs_P3_R1.fastq.gz,TAATA,Portage,Por-2001-EC04,Portage,C07,P3,,,,
trimmed_hdgbs_P4_R1.fastq.gz,TAATA,Kitsumkalum,Kits-1995-18,Kitsumkalum,C07,P4,,,,
trimmed_hdgbs_P5_R1.fastq.gz,TAATA,Kilbella,Kil-2000-K11,Kilbella,C07,P5,,,,
trimmed_hdgbs_P1_R1.fastq.gz,TACAT,Kilbella,Kil-2000-K18,Kilbella,C08,P1,,,,
trimmed_hdgbs_P2_R1.fastq.gz,TACAT,Yeth,Yet-2010-EC02,Yeth,C08,P2,,,,
trimmed_hdgbs_P3_R1.fastq.gz,TACAT,San Juan,San-2015-3867,San Juan,C08,P3,,,,
trimmed_hdgbs_P4_R1.fastq.gz,TACAT,Klinaklini,Klin-2002-EC05,Klinaklini,C08,P4,,,,
trimmed_hdgbs_P5_R1.fastq.gz,TACAT,Swift,Swi-2003-EC03,Swift,C08,P5,,,,
trimmed_hdgbs_P1_R1.fastq.gz,TCGTT,Ecstall,Ecs-2003-EC07,Ecstall,C09,P1,,,,
trimmed_hdgbs_P2_R1.fastq.gz,TCGTT,Big Salmon,BigS-2016-0048,Big Salmon,C09,P2,,,,
trimmed_hdgbs_P3_R1.fastq.gz,TCGTT,Upper Pitt,Pit-2003-H6,Upper Pitt,C09,P3,,,,
trimmed_hdgbs_P4_R1.fastq.gz,TCGTT,Kildala,Kild-2000-EC05,Kildala,C09,P4,,,,
trimmed_hdgbs_P5_R1.fastq.gz,TCGTT,Tahltan,Tah-2021-EC03,Tahltan,C09,P5,,,,
trimmed_hdgbs_P1_R1.fastq.gz,GGTTGT,Imnaha,Imn-1999-357,Imnaha,C10,P1,,,,
trimmed_hdgbs_P2_R1.fastq.gz,GGTTGT,Dean,Dea-2006-EC02,Dean,C10,P2,,,,
trimmed_hdgbs_P3_R1.fastq.gz,GGTTGT,Nusatsum,Nus-2018-54407,Nusatsum,C10,P3,,,,
trimmed_hdgbs_P4_R1.fastq.gz,GGTTGT,Serpentine,SerB-2020-102404,Serpentine,C10,P4,,,,
trimmed_hdgbs_P5_R1.fastq.gz,GGTTGT,Siuslaw,Siu-2011-206,Siuslaw,C10,P5,,,,
trimmed_hdgbs_P1_R1.fastq.gz,CCACGT,Mayo,May-2009-EC10,Mayo,C11,P1,,,,
trimmed_hdgbs_P2_R1.fastq.gz,CCACGT,San Juan,San-2002-EC05,San Juan,C11,P2,,,,
trimmed_hdgbs_P3_R1.fastq.gz,CCACGT,Nimpkish,Nim-2010-1412,Nimpkish,C11,P3,,,,
trimmed_hdgbs_P4_R1.fastq.gz,CCACGT,Big Qualicum,BigB-2021-219245,Big Qualicum,C11,P4,,,,
trimmed_hdgbs_P5_R1.fastq.gz,CCACGT,Endako,End-2006-EC08,Endako,C11,P5,,,,
trimmed_hdgbs_P1_R1.fastq.gz,TTCAGA,Phillips,Phi-2010-609,Phillips,C12,P1,,,,
trimmed_hdgbs_P2_R1.fastq.gz,TTCAGA,Nordenskiold,Nor-2006-EC08,Nordenskiold,C12,P2,,,,
trimmed_hdgbs_P3_R1.fastq.gz,TTCAGA,Takhini,Takhi-2003-10,Takhini,C12,P3,,,,
trimmed_hdgbs_P4_R1.fastq.gz,TTCAGA,Spius,SpiB-2021-253205,Spius,C12,P4,,,,
trimmed_hdgbs_P5_R1.fastq.gz,TTCAGA,Okanagan,Oka-2007-13626,Okanagan,C12,P5,,,,
trimmed_hdgbs_P1_R1.fastq.gz,TAGGAA,Abernathy,Abe-1995-95EK1,Abernathy,D01,P1,,,,
trimmed_hdgbs_P2_R1.fastq.gz,TAGGAA,Salmon Fork,Sal-2015-20,Salmon Fork,D01,P2,,,,
trimmed_hdgbs_P3_R1.fastq.gz,TAGGAA,Dudidontu,Dud-2006-EC08,Dudidontu,D01,P3,,,,
trimmed_hdgbs_P4_R1.fastq.gz,TAGGAA,Sustut,Sus-2006-EC01,Sustut,D01,P4,,,,
trimmed_hdgbs_P5_R1.fastq.gz,TAGGAA,Adams,Ada-2001-EC04,Adams,D01,P5,,,,
trimmed_hdgbs_P1_R1.fastq.gz,GCTCTA,Cowichan,Cow-2016-EC04,Cowichan,D02,P1,,,,
trimmed_hdgbs_P2_R1.fastq.gz,GCTCTA,Sarita,Sar-2001-EC10,Sarita,D02,P2,,,,
trimmed_hdgbs_P3_R1.fastq.gz,GCTCTA,Yakoun,Yak-2001-EC10,Yakoun,D02,P3,,,,
trimmed_hdgbs_P4_R1.fastq.gz,GCTCTA,Cheakamus,Che-2007-EC02,Cheakamus,D02,P4,,,,
trimmed_hdgbs_P5_R1.fastq.gz,GCTCTA,Okanagan,Oka-2007-13623,Okanagan,D02,P5,,,,
trimmed_hdgbs_P1_R1.fastq.gz,CCACAA,Kaouk,Kao-2010-203,Kaouk,D03,P1,,,,
trimmed_hdgbs_P2_R1.fastq.gz,CCACAA,Takhanne,Tak-2010-EC05,Takhanne,D03,P2,,,,
trimmed_hdgbs_P3_R1.fastq.gz,CCACAA,Nahatlatch,Nah-2010-EC06,Nahatlatch,D03,P3,,,,
trimmed_hdgbs_P4_R1.fastq.gz,CCACAA,Slim,Sli-2001-EC08,Slim,D03,P4,,,,
trimmed_hdgbs_P5_R1.fastq.gz,CCACAA,Raft,Raf-2011-EC05,Raft,D03,P5,,,,
trimmed_hdgbs_P1_R1.fastq.gz,CTTCCA,Andreafsky,And-2003-Kand0309.016,Andreafsky,D04,P1,,,,
trimmed_hdgbs_P2_R1.fastq.gz,CTTCCA,Taseko,Tas-2002-EC10,Taseko,D04,P2,,,,
trimmed_hdgbs_P3_R1.fastq.gz,CTTCCA,Kincolith,Kin-1999-EC06,Kincolith,D04,P3,,,,
trimmed_hdgbs_P4_R1.fastq.gz,CTTCCA,Klondike,Klo-2007-EC10,Klondike,D04,P4,,,,
trimmed_hdgbs_P5_R1.fastq.gz,CTTCCA,Tahltan,Tah-2021-EC08,Tahltan,D04,P5,,,,
trimmed_hdgbs_P1_R1.fastq.gz,GAGATA,Birkenhead,Bir-2005-EC07,Birkenhead,D05,P1,,,,
trimmed_hdgbs_P2_R1.fastq.gz,GAGATA,Tincup,Tin-2009-EC10,Tincup,D05,P2,,,,
trimmed_hdgbs_P3_R1.fastq.gz,GAGATA,Kitwanga,Kitw-2002-EC05,Kitwanga,D05,P3,,,,
trimmed_hdgbs_P4_R1.fastq.gz,GAGATA,Moyeha,Moy-2010-4524,Moyeha,D05,P4,,,,
trimmed_hdgbs_P5_R1.fastq.gz,GAGATA,Seymour,Sey-2011-EC02,Seymour,D05,P5,,,,
trimmed_hdgbs_P1_R1.fastq.gz,ATGCCT,Harrison,Harr-2006-K053,Harrison,D06,P1,,,,
trimmed_hdgbs_P2_R1.fastq.gz,ATGCCT,Tozitna,Toz-2003-8,Tozitna,D06,P2,,,,
trimmed_hdgbs_P3_R1.fastq.gz,ATGCCT,Portage,Por-2005-EC06,Portage,D06,P3,,,,
trimmed_hdgbs_P4_R1.fastq.gz,ATGCCT,Morley,Mor-2009-EC13,Morley,D06,P4,,,,
trimmed_hdgbs_P5_R1.fastq.gz,ATGCCT,Swift,Swi-2003-EC07,Swift,D06,P5,,,,
trimmed_hdgbs_P1_R1.fastq.gz,CGTCTA,Kilbella,Kil-2000-K30,Kilbella,D07,P1,,,,
trimmed_hdgbs_P2_R1.fastq.gz,CGTCTA,Yakoun,Yak-2001-EC01,Yakoun,D07,P2,,,,
trimmed_hdgbs_P3_R1.fastq.gz,CGTCTA,Slim,Sli-2020-33441,Slim,D07,P3,,,,
trimmed_hdgbs_P4_R1.fastq.gz,CGTCTA,Kitsumkalum,Kits-1995-EC02,Kitsumkalum,D07,P4,,,,
trimmed_hdgbs_P5_R1.fastq.gz,CGTCTA,Duteau,Dut-2006-EC10,Duteau,D07,P5,,,,
trimmed_hdgbs_P1_R1.fastq.gz,ACCTAA,Kilbella,Kil-2000-K5,Kilbella,D08,P1,,,,
trimmed_hdgbs_P2_R1.fastq.gz,ACCTAA,Yeth,Yet-2010-EC03,Yeth,D08,P2,,,,
trimmed_hdgbs_P3_R1.fastq.gz,ACCTAA,San Juan,San-2015-3868,San Juan,D08,P3,,,,
trimmed_hdgbs_P4_R1.fastq.gz,ACCTAA,Klinaklini,Klin-2002-EC06,Klinaklini,D08,P4,,,,
trimmed_hdgbs_P5_R1.fastq.gz,ACCTAA,Birkenhead,Bir-2005-EC03,Birkenhead,D08,P5,,,,
trimmed_hdgbs_P1_R1.fastq.gz,ATATGT,Ecstall,Ecs-2003-EC08,Ecstall,D09,P1,,,,
trimmed_hdgbs_P2_R1.fastq.gz,ATATGT,Big Salmon,BigS-2016-0049,Big Salmon,D09,P2,,,,
trimmed_hdgbs_P3_R1.fastq.gz,ATATGT,Blue,Blu-2004-EC01,Blue,D09,P3,,,,
trimmed_hdgbs_P4_R1.fastq.gz,ATATGT,Kildala,Kild-2000-EC06,Kildala,D09,P4,,,,
trimmed_hdgbs_P5_R1.fastq.gz,ATATGT,Tahltan,Tah-2021-EC07,Tahltan,D09,P5,,,,
trimmed_hdgbs_P1_R1.fastq.gz,ATCGTA,Imnaha,Imn-1999-359,Imnaha,D10,P1,,,,
trimmed_hdgbs_P2_R1.fastq.gz,ATCGTA,Dean,Dea-2006-EC03,Dean,D10,P2,,,,
trimmed_hdgbs_P3_R1.fastq.gz,ATCGTA,Hoole,Hoo-2005-EC06,Hoole,D10,P3,,,,
trimmed_hdgbs_P4_R1.fastq.gz,ATCGTA,Serpentine,SerB-2020-102405,Serpentine,D10,P4,,,,
trimmed_hdgbs_P5_R1.fastq.gz,ATCGTA,Siuslaw,Siu-2011-013,Siuslaw,D10,P5,,,,
trimmed_hdgbs_P1_R1.fastq.gz,CATCGT,Mayo,May-2009-EC11,Mayo,D11,P1,,,,
trimmed_hdgbs_P2_R1.fastq.gz,CATCGT,San Juan,San-2002-EC06,San Juan,D11,P2,,,,
trimmed_hdgbs_P3_R1.fastq.gz,CATCGT,Takhini,Takhi-2003-1,Takhini,D11,P3,,,,
trimmed_hdgbs_P4_R1.fastq.gz,CATCGT,Big Qualicum,BigB-2021-219247,Big Qualicum,D11,P4,,,,
trimmed_hdgbs_P5_R1.fastq.gz,CATCGT,Endako,End-2006-EC12,Endako,D11,P5,,,,
trimmed_hdgbs_P1_R1.fastq.gz,CGCGGT,Phillips,Phi-2010-610,Phillips,D12,P1,,,,
trimmed_hdgbs_P2_R1.fastq.gz,CGCGGT,Nordenskiold,Nor-2006-EC09,Nordenskiold,D12,P2,,,,
trimmed_hdgbs_P3_R1.fastq.gz,CGCGGT,Cariboo,Car-2001-UC-2,Cariboo,D12,P3,,,,
trimmed_hdgbs_P4_R1.fastq.gz,CGCGGT,Spius,SpiB-2021-253301,Spius,D12,P4,,,,
trimmed_hdgbs_P5_R1.fastq.gz,CGCGGT,Okanagan,Oka-2007-13631,Okanagan,D12,P5,,,,
trimmed_hdgbs_P1_R1.fastq.gz,CTATTA,Abernathy,Abe-1995-95EK2,Abernathy,E01,P1,,,,
trimmed_hdgbs_P2_R1.fastq.gz,CTATTA,Sarita,Sar-2001-EC01,Sarita,E01,P2,,,,
trimmed_hdgbs_P3_R1.fastq.gz,CTATTA,Blue,Blu-2001-EC01,Blue,E01,P3,,,,
trimmed_hdgbs_P4_R1.fastq.gz,CTATTA,Sustut,Sus-2006-EC02,Sustut,E01,P4,,,,
trimmed_hdgbs_P5_R1.fastq.gz,CTATTA,Endako,End-2006-EC01,Endako,E01,P5,,,,
trimmed_hdgbs_P1_R1.fastq.gz,GCCAGT,Duteau,Dut-2010-EC04,Duteau,E02,P1,,,,
trimmed_hdgbs_P2_R1.fastq.gz,GCCAGT,Takhanne,Tak-2011-EC01,Takhanne,E02,P2,,,,
trimmed_hdgbs_P3_R1.fastq.gz,GCCAGT,Duteau,Dut-2006-EC07,Duteau,E02,P3,,,,
trimmed_hdgbs_P4_R1.fastq.gz,GCCAGT,Cheakamus,Che-2007-EC04,Cheakamus,E02,P4,,,,
trimmed_hdgbs_P5_R1.fastq.gz,GCCAGT,Endako,End-2006-EC10,Endako,E02,P5,,,,
trimmed_hdgbs_P1_R1.fastq.gz,GGAAGA,Kaouk,Kao-2010-204,Kaouk,E03,P1,,,,
trimmed_hdgbs_P2_R1.fastq.gz,GGAAGA,Taseko,Tas-2002-EC01,Taseko,E03,P2,,,,
trimmed_hdgbs_P3_R1.fastq.gz,GGAAGA,Nahatlatch,Nah-2010-EC08,Nahatlatch,E03,P3,,,,
trimmed_hdgbs_P4_R1.fastq.gz,GGAAGA,Klondike,Klo-2007-EC02,Klondike,E03,P4,,,,
trimmed_hdgbs_P5_R1.fastq.gz,GGAAGA,Raft,Raf-2011-EC06,Raft,E03,P5,,,,
trimmed_hdgbs_P1_R1.fastq.gz,GTACTT,Andreafsky,And-2003-Kand0309.018,Andreafsky,E04,P1,,,,
trimmed_hdgbs_P2_R1.fastq.gz,GTACTT,Tincup,Tin-2009-EC01,Tincup,E04,P2,,,,
trimmed_hdgbs_P3_R1.fastq.gz,GTACTT,Kincolith,Kin-1999-EC07,Kincolith,E04,P3,,,,
trimmed_hdgbs_P4_R1.fastq.gz,GTACTT,Moyeha,Moy-2010-6598,Moyeha,E04,P4,,,,
trimmed_hdgbs_P5_R1.fastq.gz,GTACTT,Verrett,Ver-2021-EC02,Verrett,E04,P5,,,,
trimmed_hdgbs_P1_R1.fastq.gz,GTTGAA,Birkenhead,Bir-2005-EC09,Birkenhead,E05,P1,,,,
trimmed_hdgbs_P2_R1.fastq.gz,GTTGAA,Tozitna,Toz-2003-1,Tozitna,E05,P2,,,,
trimmed_hdgbs_P3_R1.fastq.gz,GTTGAA,Kitwanga,Kitw-2002-EC06,Kitwanga,E05,P3,,,,
trimmed_hdgbs_P4_R1.fastq.gz,GTTGAA,Morley,Mor-2009-EC01,Morley,E05,P4,,,,
trimmed_hdgbs_P5_R1.fastq.gz,GTTGAA,Seymour,Sey-2011-EC06,Seymour,E05,P5,,,,
trimmed_hdgbs_P1_R1.fastq.gz,TAACGA,Harrison,Harr-2006-K054,Harrison,E06,P1,,,,
trimmed_hdgbs_P2_R1.fastq.gz,TAACGA,Trinity,Tri-1998-91,Trinity,E06,P2,,,,
trimmed_hdgbs_P3_R1.fastq.gz,TAACGA,Upper Pitt,Pit-2006-EC06,Upper Pitt,E06,P3,,,,
trimmed_hdgbs_P4_R1.fastq.gz,TAACGA,Kitsumkalum,Kits-1995-13,Kitsumkalum,E06,P4,,,,
trimmed_hdgbs_P5_R1.fastq.gz,TAACGA,Swift,Swi-2003-EC08,Swift,E06,P5,,,,
trimmed_hdgbs_P1_R1.fastq.gz,TGGCTA,Kilbella,Kil-2000-K28,Kilbella,E07,P1,,,,
trimmed_hdgbs_P2_R1.fastq.gz,TGGCTA,Yakoun,Yak-2001-EC03,Yakoun,E07,P2,,,,
trimmed_hdgbs_P3_R1.fastq.gz,TGGCTA,Slim,Sli-2020-33442,Slim,E07,P3,,,,
trimmed_hdgbs_P4_R1.fastq.gz,TGGCTA,Slim,Sli-2001-EC11,Slim,E07,P4,,,,
trimmed_hdgbs_P5_R1.fastq.gz,TGGCTA,Siuslaw,Siu-2011-149,Siuslaw,E07,P5,,,,
trimmed_hdgbs_P1_R1.fastq.gz,TATTTTT,Ecstall,Ecs-2003-EC01,Ecstall,E08,P1,,,,
trimmed_hdgbs_P2_R1.fastq.gz,TATTTTT,Yeth,Yet-2010-EC04,Yeth,E08,P2,,,,
trimmed_hdgbs_P3_R1.fastq.gz,TATTTTT,San Juan,San-2015-3869,San Juan,E08,P3,,,,
trimmed_hdgbs_P4_R1.fastq.gz,TATTTTT,Klinaklini,Klin-2002-EC07,Klinaklini,E08,P4,,,,
trimmed_hdgbs_P5_R1.fastq.gz,TATTTTT,Endako,End-2006-EC04,Endako,E08,P5,,,,
trimmed_hdgbs_P2_R1.fastq.gz,CTTGCTT,Imnaha,Imn-1999-351,Imnaha,E09,P1,,,,
trimmed_hdgbs_P2_R1.fastq.gz,CTTGCTT,Big Salmon,BigS-2016-0051,Big Salmon,E09,P2,,,,
trimmed_hdgbs_P3_R1.fastq.gz,CTTGCTT,Blue,Blu-2004-EC03,Blue,E09,P3,,,,
trimmed_hdgbs_P4_R1.fastq.gz,CTTGCTT,Kildala,Kild-2000-EC07,Kildala,E09,P4,,,,
trimmed_hdgbs_P5_R1.fastq.gz,CTTGCTT,Tahltan,Tah-2021-EC09,Tahltan,E09,P5,,,,
trimmed_hdgbs_P1_R1.fastq.gz,ATGAAAG,Mayo,May-2009-EC01,Mayo,E10,P1,,,,
trimmed_hdgbs_P2_R1.fastq.gz,ATGAAAG,Dean,Dea-2006-EC04,Dean,E10,P2,,,,
trimmed_hdgbs_P3_R1.fastq.gz,ATGAAAG,Hoole,Hoo-2005-EC07,Hoole,E10,P3,,,,
trimmed_hdgbs_P4_R1.fastq.gz,ATGAAAG,Serpentine,SerB-2020-102407,Serpentine,E10,P4,,,,
trimmed_hdgbs_P5_R1.fastq.gz,ATGAAAG,Blue,Blu-2009-EC02,Blue,E10,P5,,,,
trimmed_hdgbs_P1_R1.fastq.gz,AAAAGTT,Phillips,Phi-2010-601,Phillips,E11,P1,,,,
trimmed_hdgbs_P2_R1.fastq.gz,AAAAGTT,Nordenskiold,Nor-2006-EC01,Nordenskiold,E11,P2,,,,
trimmed_hdgbs_P3_R1.fastq.gz,AAAAGTT,Takhini,Takhi-2003-2,Takhini,E11,P3,,,,
trimmed_hdgbs_P4_R1.fastq.gz,AAAAGTT,Big Qualicum,BigB-2021-219248,Big Qualicum,E11,P4,,,,
trimmed_hdgbs_P5_R1.fastq.gz,AAAAGTT,Kilbella,Kil-2000-K1,Kilbella,E11,P5,,,,
trimmed_hdgbs_P1_R1.fastq.gz,GAATTCA,Salmon Fork,Sal-2015-12,Salmon Fork,E12,P1,,,,
trimmed_hdgbs_P2_R1.fastq.gz,GAATTCA,Dudidontu,Dud-2006-EC01,Dudidontu,E12,P2,,,,
trimmed_hdgbs_P3_R1.fastq.gz,GAATTCA,Cariboo,Car-2001-UC-3,Cariboo,E12,P3,,,,
trimmed_hdgbs_P4_R1.fastq.gz,GAATTCA,Spius,SpiB-2021-253302,Spius,E12,P4,,,,
trimmed_hdgbs_P5_R1.fastq.gz,GAATTCA,Seymour,Sey-2011-EC03,Seymour,E12,P5,,,,
trimmed_hdgbs_P1_R1.fastq.gz,GAACTTG,Abernathy,Abe-1995-95EK3,Abernathy,F01,P1,,,,
trimmed_hdgbs_P2_R1.fastq.gz,GAACTTG,Sarita,Sar-2001-EC02,Sarita,F01,P2,,,,
trimmed_hdgbs_P3_R1.fastq.gz,GAACTTG,Blue,Blu-2001-EC02,Blue,F01,P3,,,,
trimmed_hdgbs_P4_R1.fastq.gz,GAACTTG,Sustut,Sus-2006-EC03,Sustut,F01,P4,,,,
trimmed_hdgbs_P5_R1.fastq.gz,GAACTTG,Kitlope,Kitl-2006-EC01,Kitlope,F01,P5,,,,
trimmed_hdgbs_P1_R1.fastq.gz,GGACCTA,Harrison,Harr-2006-K047,Harrison,F02,P1,,,,
trimmed_hdgbs_P2_R1.fastq.gz,GGACCTA,Takhanne,Tak-2011-EC02,Takhanne,F02,P2,,,,
trimmed_hdgbs_P3_R1.fastq.gz,GGACCTA,Duteau,Dut-2006-EC09,Duteau,F02,P3,,,,
trimmed_hdgbs_P4_R1.fastq.gz,GGACCTA,Cheakamus,Che-2007-EC05,Cheakamus,F02,P4,,,,
trimmed_hdgbs_P5_R1.fastq.gz,GGACCTA,Kitlope,Kitl-2006-EC07,Kitlope,F02,P5,,,,
trimmed_hdgbs_P1_R1.fastq.gz,GTCGATT,Nimpkish,Nim-2010-1402,Nimpkish,F03,P1,,,,
trimmed_hdgbs_P2_R1.fastq.gz,GTCGATT,Taseko,Tas-2002-EC02,Taseko,F03,P2,,,,
trimmed_hdgbs_P3_R1.fastq.gz,GTCGATT,Nahatlatch,Nah-2010-EC09,Nahatlatch,F03,P3,,,,
trimmed_hdgbs_P4_R1.fastq.gz,GTCGATT,Klondike,Klo-2007-EC03,Klondike,F03,P4,,,,
trimmed_hdgbs_P5_R1.fastq.gz,GTCGATT,Raft,Raf-2011-EC07,Raft,F03,P5,,,,
trimmed_hdgbs_P1_R1.fastq.gz,AACGCCT,Andreafsky,And-2003-Kand0309.019,Andreafsky,F04,P1,,,,
trimmed_hdgbs_P2_R1.fastq.gz,AACGCCT,Tincup,Tin-2009-EC02,Tincup,F04,P2,,,,
trimmed_hdgbs_P3_R1.fastq.gz,AACGCCT,Kincolith,Kin-1999-EC08,Kincolith,F04,P3,,,,
trimmed_hdgbs_P4_R1.fastq.gz,AACGCCT,Moyeha,Moy-2010-4501,Moyeha,F04,P4,,,,
trimmed_hdgbs_P5_R1.fastq.gz,AACGCCT,Verrett,Ver-2021-EC04,Verrett,F04,P5,,,,
trimmed_hdgbs_P1_R1.fastq.gz,AATATGG,Birkenhead,Bir-2005-EC10,Birkenhead,F05,P1,,,,
trimmed_hdgbs_P2_R1.fastq.gz,AATATGG,Tozitna,Toz-2003-2,Tozitna,F05,P2,,,,
trimmed_hdgbs_P3_R1.fastq.gz,AATATGG,Kitwanga,Kitw-2002-EC07,Kitwanga,F05,P3,,,,
trimmed_hdgbs_P4_R1.fastq.gz,AATATGG,Morley,Mor-2009-EC04,Morley,F05,P4,,,,
trimmed_hdgbs_P5_R1.fastq.gz,AATATGG,Seymour,Sey-2011-EC07,Seymour,F05,P5,,,,
trimmed_hdgbs_P1_R1.fastq.gz,ACGTGTT,Harrison,Harr-2006-K045,Harrison,F06,P1,,,,
trimmed_hdgbs_P2_R1.fastq.gz,ACGTGTT,Trinity,Tri-1998-92,Trinity,F06,P2,,,,
trimmed_hdgbs_P3_R1.fastq.gz,ACGTGTT,Upper Pitt,Pit-2006-EC08,Upper Pitt,F06,P3,,,,
trimmed_hdgbs_P4_R1.fastq.gz,ACGTGTT,Kitsumkalum,Kits-1995-17,Kitsumkalum,F06,P4,,,,
trimmed_hdgbs_P5_R1.fastq.gz,ACGTGTT,Kwinageese,Kwi-1996-CH-KW-96-31,Kwinageese,F06,P5,,,,
trimmed_hdgbs_P1_R1.fastq.gz,ATTAATT,Nimpkish,Nim-2010-1408,Nimpkish,F07,P1,,,,
trimmed_hdgbs_P2_R1.fastq.gz,ATTAATT,Yakoun,Yak-2001-EC04,Yakoun,F07,P2,,,,
trimmed_hdgbs_P3_R1.fastq.gz,ATTAATT,Slim,Sli-2020-33443,Slim,F07,P3,,,,
trimmed_hdgbs_P4_R1.fastq.gz,ATTAATT,Slim,Sli-2001-EC15,Slim,F07,P4,,,,
trimmed_hdgbs_P5_R1.fastq.gz,ATTAATT,Siuslaw,Siu-2011-201,Siuslaw,F07,P5,,,,
trimmed_hdgbs_P1_R1.fastq.gz,ATTGGAT,Ecstall,Ecs-2003-EC02,Ecstall,F08,P1,,,,
trimmed_hdgbs_P2_R1.fastq.gz,ATTGGAT,Yeth,Yet-2010-EC05,Yeth,F08,P2,,,,
trimmed_hdgbs_P3_R1.fastq.gz,ATTGGAT,Blue,Blu-2009-EC04,Blue,F08,P3,,,,
trimmed_hdgbs_P4_R1.fastq.gz,ATTGGAT,Klinaklini,Klin-2002-EC08,Klinaklini,F08,P4,,,,
trimmed_hdgbs_P5_R1.fastq.gz,ATTGGAT,Kitlope,Kitl-2006-EC02,Kitlope,F08,P5,,,,
trimmed_hdgbs_P1_R1.fastq.gz,CATAAGT,Imnaha,Imn-1999-352,Imnaha,F09,P1,,,,
trimmed_hdgbs_P2_R1.fastq.gz,CATAAGT,Big Salmon,BigS-2016-0053,Big Salmon,F09,P2,,,,
trimmed_hdgbs_P3_R1.fastq.gz,CATAAGT,Nusatsum,Nus-2018-54311,Nusatsum,F09,P3,,,,
trimmed_hdgbs_P4_R1.fastq.gz,CATAAGT,Kildala,Kild-2000-EC08,Kildala,F09,P4,,,,
trimmed_hdgbs_P5_R1.fastq.gz,CATAAGT,Verrett,Ver-2021-EC01,Verrett,F09,P5,,,,
trimmed_hdgbs_P1_R1.fastq.gz,CGCTGAT,Mayo,May-2009-EC02,Mayo,F10,P1,,,,
trimmed_hdgbs_P2_R1.fastq.gz,CGCTGAT,Dean,Dea-2006-EC05,Dean,F10,P2,,,,
trimmed_hdgbs_P3_R1.fastq.gz,CGCTGAT,Hoole,Hoo-2005-EC08,Hoole,F10,P3,,,,
trimmed_hdgbs_P4_R1.fastq.gz,CGCTGAT,Serpentine,SerB-2020-102408,Serpentine,F10,P4,,,,
trimmed_hdgbs_P5_R1.fastq.gz,CGCTGAT,Kwinageese,Kwi-1996-CH-KW-96-70,Kwinageese,F10,P5,,,,
trimmed_hdgbs_P1_R1.fastq.gz,CGGTAGA,Phillips,Phi-2010-603,Phillips,F11,P1,,,,
trimmed_hdgbs_P2_R1.fastq.gz,CGGTAGA,Nordenskiold,Nor-2006-EC02,Nordenskiold,F11,P2,,,,
trimmed_hdgbs_P3_R1.fastq.gz,CGGTAGA,Takhini,Takhi-2003-3,Takhini,F11,P3,,,,
trimmed_hdgbs_P4_R1.fastq.gz,CGGTAGA,Big Qualicum,BigB-2021-219249,Big Qualicum,F11,P4,,,,
trimmed_hdgbs_P5_R1.fastq.gz,CGGTAGA,Siuslaw,Siu-2011-009,Siuslaw,F11,P5,,,,
trimmed_hdgbs_P1_R1.fastq.gz,CTACGGA,Salmon Fork,Sal-2015-13,Salmon Fork,F12,P1,,,,
trimmed_hdgbs_P2_R1.fastq.gz,CTACGGA,Dudidontu,Dud-2006-EC02,Dudidontu,F12,P2,,,,
trimmed_hdgbs_P3_R1.fastq.gz,CTACGGA,Cariboo,Car-2001-UC-7,Cariboo,F12,P3,,,,
trimmed_hdgbs_P4_R1.fastq.gz,CTACGGA,Spius,SpiB-2021-253304,Spius,F12,P4,,,,
trimmed_hdgbs_P5_R1.fastq.gz,CTACGGA,Siuslaw,Siu-2011-012,Siuslaw,F12,P5,,,,
trimmed_hdgbs_P1_R1.fastq.gz,GCGGAAT,Abernathy,Abe-1995-95EK7,Abernathy,G01,P1,,,,
trimmed_hdgbs_P2_R1.fastq.gz,GCGGAAT,Sarita,Sar-2001-EC03,Sarita,G01,P2,,,,
trimmed_hdgbs_P3_R1.fastq.gz,GCGGAAT,Blue,Blu-2001-EC03,Blue,G01,P3,,,,
trimmed_hdgbs_P4_R1.fastq.gz,GCGGAAT,Sustut,Sus-2006-EC04,Sustut,G01,P4,,,,
trimmed_hdgbs_P5_R1.fastq.gz,GCGGAAT,Kitlope,Kitl-2006-EC03,Kitlope,G01,P5,,,,
trimmed_hdgbs_P1_R1.fastq.gz,TAGCGGA,Harrison,Harr-2006-K066,Harrison,G02,P1,,,,
trimmed_hdgbs_P2_R1.fastq.gz,TAGCGGA,Takhanne,Tak-2011-EC03,Takhanne,G02,P2,,,,
trimmed_hdgbs_P3_R1.fastq.gz,TAGCGGA,Duteau,Dut-2006-EC11,Duteau,G02,P3,,,,
trimmed_hdgbs_P4_R1.fastq.gz,TAGCGGA,Cheakamus,Che-2007-EC06,Cheakamus,G02,P4,,,,
trimmed_hdgbs_P5_R1.fastq.gz,TAGCGGA,Kitlope,Kitl-2006-EC08,Kitlope,G02,P5,,,,
trimmed_hdgbs_P1_R1.fastq.gz,TCGAAGA,Nimpkish,Nim-2010-1403,Nimpkish,G03,P1,,,,
trimmed_hdgbs_P2_R1.fastq.gz,TCGAAGA,Taseko,Tas-2002-EC03,Taseko,G03,P2,,,,
trimmed_hdgbs_P3_R1.fastq.gz,TCGAAGA,Nahatlatch,Nah-2010-EC10,Nahatlatch,G03,P3,,,,
trimmed_hdgbs_P4_R1.fastq.gz,TCGAAGA,Klondike,Klo-2007-EC04,Klondike,G03,P4,,,,
trimmed_hdgbs_P5_R1.fastq.gz,TCGAAGA,Raft,Raf-2011-EC10,Raft,G03,P5,,,,
trimmed_hdgbs_P1_R1.fastq.gz,TCTGTGA,Abernathy,Abe-1995-95EK9,Abernathy,G04,P1,,,,
trimmed_hdgbs_P2_R1.fastq.gz,TCTGTGA,Tincup,Tin-2009-EC03,Tincup,G04,P2,,,,
trimmed_hdgbs_P3_R1.fastq.gz,TCTGTGA,Kincolith,Kin-1999-EC09,Kincolith,G04,P3,,,,
trimmed_hdgbs_P4_R1.fastq.gz,TCTGTGA,Moyeha,Moy-2010-6595,Moyeha,G04,P4,,,,
trimmed_hdgbs_P5_R1.fastq.gz,TCTGTGA,Verrett,Ver-2021-EC05,Verrett,G04,P5,,,,
trimmed_hdgbs_P1_R1.fastq.gz,TGCTGGA,Birkenhead,Bir-2005-EC11,Birkenhead,G05,P1,,,,
trimmed_hdgbs_P2_R1.fastq.gz,TGCTGGA,Tozitna,Toz-2003-3,Tozitna,G05,P2,,,,
trimmed_hdgbs_P3_R1.fastq.gz,TGCTGGA,Kitwanga,Kitw-2002-EC08,Kitwanga,G05,P3,,,,
trimmed_hdgbs_P4_R1.fastq.gz,TGCTGGA,Morley,Mor-2009-EC06,Morley,G05,P4,,,,
trimmed_hdgbs_P5_R1.fastq.gz,TGCTGGA,Seymour,Sey-2011-EC09,Seymour,G05,P5,,,,
trimmed_hdgbs_P1_R1.fastq.gz,ACGACATG,Kaouk,Kao-2010-205,Kaouk,G06,P1,,,,
trimmed_hdgbs_P2_R1.fastq.gz,ACGACATG,Trinity,Tri-1998-93,Trinity,G06,P2,,,,
trimmed_hdgbs_P3_R1.fastq.gz,ACGACATG,Upper Pitt,Pit-2006-EC09,Upper Pitt,G06,P3,,,,
trimmed_hdgbs_P4_R1.fastq.gz,ACGACATG,Kitsumkalum,Kits-1995-4,Kitsumkalum,G06,P4,,,,
trimmed_hdgbs_P5_R1.fastq.gz,ACGACATG,Kwinageese,Kwi-1996-CH-KW-96-32,Kwinageese,G06,P5,,,,
trimmed_hdgbs_P1_R1.fastq.gz,TAGCATGG,Nimpkish,Nim-2010-1409,Nimpkish,G07,P1,,,,
trimmed_hdgbs_P2_R1.fastq.gz,TAGCATGG,Yakoun,Yak-2001-EC05,Yakoun,G07,P2,,,,
trimmed_hdgbs_P3_R1.fastq.gz,TAGCATGG,Slim,Sli-2020-33445,Slim,G07,P3,,,,
trimmed_hdgbs_P4_R1.fastq.gz,TAGCATGG,Klinaklini,Klin-2002-EC01,Klinaklini,G07,P4,,,,
trimmed_hdgbs_P5_R1.fastq.gz,TAGCATGG,Okanagan,Oka-2007-13630,Okanagan,G07,P5,,,,
trimmed_hdgbs_P1_R1.fastq.gz,TAGGCCAT,Ecstall,Ecs-2003-EC03,Ecstall,G08,P1,,,,
trimmed_hdgbs_P2_R1.fastq.gz,TAGGCCAT,Yeth,Yet-2010-EC06,Yeth,G08,P2,,,,
trimmed_hdgbs_P3_R1.fastq.gz,TAGGCCAT,Trinity,Tri-1998-83,Trinity,G08,P3,,,,
trimmed_hdgbs_P4_R1.fastq.gz,TAGGCCAT,Kildala,Kild-2000-EC01,Kildala,G08,P4,,,,
trimmed_hdgbs_P5_R1.fastq.gz,TAGGCCAT,Adams,Ada-2001-EC05,Adams,G08,P5,,,,
trimmed_hdgbs_P1_R1.fastq.gz,TGCAAGGA,Imnaha,Imn-1999-353,Imnaha,G09,P1,,,,
trimmed_hdgbs_P2_R1.fastq.gz,TGCAAGGA,Big Salmon,BigS-2016-0054,Big Salmon,G09,P2,,,,
trimmed_hdgbs_P3_R1.fastq.gz,TGCAAGGA,Nusatsum,Nus-2018-54312,Nusatsum,G09,P3,,,,
trimmed_hdgbs_P4_R1.fastq.gz,TGCAAGGA,Harrison,HarB-2020-75401,Harrison,G09,P4,,,,
trimmed_hdgbs_P5_R1.fastq.gz,TGCAAGGA,Verrett,Ver-2021-EC03,Verrett,G09,P5,,,,
trimmed_hdgbs_P1_R1.fastq.gz,TGGTACGT,Mayo,May-2009-EC03,Mayo,G10,P1,,,,
trimmed_hdgbs_P2_R1.fastq.gz,TGGTACGT,Dean,Dea-2006-EC06,Dean,G10,P2,,,,
trimmed_hdgbs_P3_R1.fastq.gz,TGGTACGT,Hoole,Hoo-2005-EC09,Hoole,G10,P3,,,,
trimmed_hdgbs_P4_R1.fastq.gz,TGGTACGT,Serpentine,SerB-2020-102410,Serpentine,G10,P4,,,,
trimmed_hdgbs_P5_R1.fastq.gz,TGGTACGT,Kwinageese,Kwi-1996-CH-KW-96-38,Kwinageese,G10,P5,,,,
trimmed_hdgbs_P1_R1.fastq.gz,TCTCAGTG,Phillips,Phi-2010-604,Phillips,G11,P1,,,,
trimmed_hdgbs_P2_R1.fastq.gz,TCTCAGTG,Nordenskiold,Nor-2006-EC03,Nordenskiold,G11,P2,,,,
trimmed_hdgbs_P3_R1.fastq.gz,TCTCAGTG,Takhini,Takhi-2003-5,Takhini,G11,P3,,,,
trimmed_hdgbs_P4_R1.fastq.gz,TCTCAGTG,Big Qualicum,BigB-2021-219250,Big Qualicum,G11,P4,,,,
trimmed_hdgbs_P5_R1.fastq.gz,TCTCAGTG,Swift,Swi-2010-EC05,Swift,G11,P5,,,,
trimmed_hdgbs_P1_R1.fastq.gz,CGCGATAT,Salmon Fork,Sal-2015-14,Salmon Fork,G12,P1,,,,
trimmed_hdgbs_P2_R1.fastq.gz,CGCGATAT,Dudidontu,Dud-2006-EC03,Dudidontu,G12,P2,,,,
trimmed_hdgbs_P3_R1.fastq.gz,CGCGATAT,Cariboo,Car-2001-UC-15C,Cariboo,G12,P3,,,,
trimmed_hdgbs_P4_R1.fastq.gz,CGCGATAT,Spius,SpiB-2021-253305,Spius,G12,P4,,,,
trimmed_hdgbs_P5_R1.fastq.gz,CGCGATAT,Seymour,Sey-2010-EC09,Seymour,G12,P5,,,,
trimmed_hdgbs_P1_R1.fastq.gz,CGCCTTAT,Birkenhead,Bir-2005-EC04,Birkenhead,H01,P1,,,,
trimmed_hdgbs_P2_R1.fastq.gz,CGCCTTAT,Sarita,Sar-2001-EC04,Sarita,H01,P2,,,,
trimmed_hdgbs_P3_R1.fastq.gz,CGCCTTAT,Kilbella,Kil-2000-K31,Kilbella,H01,P3,,,,
trimmed_hdgbs_P4_R1.fastq.gz,CGCCTTAT,Sustut,Sus-2006-EC05,Sustut,H01,P4,,,,
trimmed_hdgbs_P5_R1.fastq.gz,CGCCTTAT,Kitlope,Kitl-2006-EC04,Kitlope,H01,P5,,,,
trimmed_hdgbs_P1_R1.fastq.gz,AACCGAGA,Harrison,Harr-2006-K057,Harrison,H02,P1,,,,
trimmed_hdgbs_P2_R1.fastq.gz,AACCGAGA,Takhanne,Tak-2011-EC04,Takhanne,H02,P2,,,,
trimmed_hdgbs_P3_R1.fastq.gz,AACCGAGA,Nahatlatch,Nah-2010-EC01,Nahatlatch,H02,P3,,,,
trimmed_hdgbs_P4_R1.fastq.gz,AACCGAGA,Cheakamus,Che-2007-EC07,Cheakamus,H02,P4,,,,
trimmed_hdgbs_P5_R1.fastq.gz,AACCGAGA,Kitlope,Kitl-2006-EC09,Kitlope,H02,P5,,,,
trimmed_hdgbs_P1_R1.fastq.gz,ACAGGGA,Nusatsum,Nus-2018-54305,Nusatsum,H03,P1,,,,
trimmed_hdgbs_P2_R1.fastq.gz,ACAGGGA,Taseko,Tas-2002-EC06,Taseko,H03,P2,,,,
trimmed_hdgbs_P3_R1.fastq.gz,ACAGGGA,Kincolith,Kin-1999-EC01,Kincolith,H03,P3,,,,
trimmed_hdgbs_P4_R1.fastq.gz,ACAGGGA,Klondike,Klo-2007-EC05,Klondike,H03,P4,,,,
trimmed_hdgbs_P5_R1.fastq.gz,ACAGGGA,Swift,Swi-2010-EC03,Swift,H03,P5,,,,
trimmed_hdgbs_P1_R1.fastq.gz,ACGTGGTA,Abernathy,Abe-1995-95EK12,Abernathy,H04,P1,,,,
trimmed_hdgbs_P2_R1.fastq.gz,ACGTGGTA,Tincup,Tin-2009-EC05,Tincup,H04,P2,,,,
trimmed_hdgbs_P3_R1.fastq.gz,ACGTGGTA,Kitwanga,Kitw-2002-EC01,Kitwanga,H04,P3,,,,
trimmed_hdgbs_P4_R1.fastq.gz,ACGTGGTA,Moyeha,Moy-2010-6596,Moyeha,H04,P4,,,,
trimmed_hdgbs_P5_R1.fastq.gz,ACGTGGTA,Verrett,Ver-2021-EC07,Verrett,H04,P5,,,,
trimmed_hdgbs_P1_R1.fastq.gz,CCATGGGT,Cowichan,Cow-2016-EC06,Cowichan,H05,P1,,,,
trimmed_hdgbs_P2_R1.fastq.gz,CCATGGGT,Tozitna,Toz-2003-4,Tozitna,H05,P2,,,,
trimmed_hdgbs_P3_R1.fastq.gz,CCATGGGT,Portage,Por-2005-EC01,Portage,H05,P3,,,,
trimmed_hdgbs_P4_R1.fastq.gz,CCATGGGT,Morley,Mor-2009-EC08,Morley,H05,P4,,,,
trimmed_hdgbs_P5_R1.fastq.gz,CCATGGGT,Raft,Raf-2009-EC02,Raft,H05,P5,,,,
trimmed_hdgbs_P1_R1.fastq.gz,CGCGGAGA,Kaouk,Kao-2010-207,Kaouk,H06,P1,,,,
trimmed_hdgbs_P2_R1.fastq.gz,CGCGGAGA,Trinity,Tri-1998-94,Trinity,H06,P2,,,,
trimmed_hdgbs_P3_R1.fastq.gz,CGCGGAGA,Upper Pitt,Pit-2006-EC12,Upper Pitt,H06,P3,,,,
trimmed_hdgbs_P4_R1.fastq.gz,CGCGGAGA,Kitsumkalum,Kits-1995-EC01,Kitsumkalum,H06,P4,,,,
trimmed_hdgbs_P5_R1.fastq.gz,CGCGGAGA,Kwinageese,Kwi-1996-CH-KW-96-12,Kwinageese,H06,P5,,,,
trimmed_hdgbs_P1_R1.fastq.gz,CGTGTGGT,Nimpkish,Nim-2010-1410,Nimpkish,H07,P1,,,,
trimmed_hdgbs_P2_R1.fastq.gz,CGTGTGGT,Yakoun,Yak-2001-EC06,Yakoun,H07,P2,,,,
trimmed_hdgbs_P3_R1.fastq.gz,CGTGTGGT,Slim,Sli-2020-33446,Slim,H07,P3,,,,
trimmed_hdgbs_P4_R1.fastq.gz,CGTGTGGT,Klinaklini,Klin-2002-EC02,Klinaklini,H07,P4,,,,
trimmed_hdgbs_P5_R1.fastq.gz,CGTGTGGT,Okanagan,Oka-2007-13634,Okanagan,H07,P5,,,,
trimmed_hdgbs_P1_R1.fastq.gz,GCTGTGGA,Ecstall,Ecs-2003-EC04,Ecstall,H08,P1,,,,
trimmed_hdgbs_P2_R1.fastq.gz,GCTGTGGA,Yeth,Yet-2010-EC07,Yeth,H08,P2,,,,
trimmed_hdgbs_P3_R1.fastq.gz,GCTGTGGA,Upper Pitt,Pit-2003-H1,Upper Pitt,H08,P3,,,,
trimmed_hdgbs_P4_R1.fastq.gz,GCTGTGGA,Kildala,Kild-2000-EC02,Kildala,H08,P4,,,,
trimmed_hdgbs_P5_R1.fastq.gz,GCTGTGGA,Endako,End-2006-EC05,Endako,H08,P5,,,,
trimmed_hdgbs_P1_R1.fastq.gz,GGATTGGT,Imnaha,Imn-1999-354,Imnaha,H09,P1,,,,
trimmed_hdgbs_P2_R1.fastq.gz,GGATTGGT,Big Salmon,BigS-2016-0055,Big Salmon,H09,P2,,,,
trimmed_hdgbs_P3_R1.fastq.gz,GGATTGGT,Nusatsum,Nus-2018-54401,Nusatsum,H09,P3,,,,
trimmed_hdgbs_P4_R1.fastq.gz,GGATTGGT,Serpentine,SerB-2020-102401,Serpentine,H09,P4,,,,
trimmed_hdgbs_P5_R1.fastq.gz,GGATTGGT,Verrett,Ver-2021-EC06,Verrett,H09,P5,,,,
trimmed_hdgbs_P1_R1.fastq.gz,GTGAGGGT,Mayo,May-2009-EC04,Mayo,H10,P1,,,,
trimmed_hdgbs_P2_R1.fastq.gz,GTGAGGGT,Dean,Dea-2006-EC07,Dean,H10,P2,,,,
trimmed_hdgbs_P3_R1.fastq.gz,GTGAGGGT,Hoole,Hoo-2005-EC10,Hoole,H10,P3,,,,
trimmed_hdgbs_P4_R1.fastq.gz,GTGAGGGT,Big Qualicum,BigB-2021-219242,Big Qualicum,H10,P4,,,,
trimmed_hdgbs_P5_R1.fastq.gz,GTGAGGGT,Endako,End-2006-EC02,Endako,H10,P5,,,,
trimmed_hdgbs_P1_R1.fastq.gz,TATCGGGA,Phillips,Phi-2010-606,Phillips,H11,P1,,,,
trimmed_hdgbs_P2_R1.fastq.gz,TATCGGGA,Nordenskiold,Nor-2006-EC04,Nordenskiold,H11,P2,,,,
trimmed_hdgbs_P3_R1.fastq.gz,TATCGGGA,Takhini,Takhi-2003-6,Takhini,H11,P3,,,,
trimmed_hdgbs_P4_R1.fastq.gz,TATCGGGA,Spius,SpiB-2021-253202,Spius,H11,P4,,,,
trimmed_hdgbs_P5_R1.fastq.gz,TATCGGGA,Blue,Blu-2010-EC04,Blue,H11,P5,,,,
trimmed_hdgbs_P1_R1.fastq.gz,TTCCTGGA,Salmon Fork,Sal-2015-15,Salmon Fork,H12,P1,,,,
trimmed_hdgbs_P2_R1.fastq.gz,TTCCTGGA,Dudidontu,Dud-2006-EC04,Dudidontu,H12,P2,,,,
trimmed_hdgbs_P3_R1.fastq.gz,TTCCTGGA,Cariboo,Car-2001-UC-16A,Cariboo,H12,P3,,,,
trimmed_hdgbs_P4_R1.fastq.gz,TTCCTGGA,Nimpkish,Nim-2010-1441,Nimpkish,H12,P4,,,,
trimmed_hdgbs_P5_R1.fastq.gz,TTCCTGGA,Swift,Swi-2010-EC04,Swift,H12,P5,,,,
